study_idx,Unknown,Left-Cerebral-White-Matter,Left-Cerebral-Cortex,Left-Lateral-Ventricle,Left-Inf-Lat-Vent,Left-Cerebellum-White-Matter,Left-Cerebellum-Cortex,Left-Thalamus-Proper*,Left-Caudate,Left-Putamen,Left-Pallidum,3rd-Ventricle,4th-Ventricle,Brain-Stem,Left-Hippocampus,Left-Amygdala,CSF,Left-Accumbens-area,Left-VentralDC,Left-vessel,Left-choroid-plexus,Right-Cerebral-White-Matter,Right-Cerebral-Cortex,Right-Lateral-Ventricle,Right-Inf-Lat-Vent,Right-Cerebellum-White-Matter,Right-Cerebellum-Cortex,Right-Thalamus-Proper*,Right-Caudate,Right-Putamen,Right-Pallidum,Right-Hippocampus,Right-Amygdala,Right-Accumbens-area,Right-VentralDC,Right-vessel,Right-choroid-plexus,5th-Ventricle,WM-hypointensities,non-WM-hypointensities,Optic-Chiasm,CC_Posterior,CC_Mid_Posterior,CC_Central,CC_Mid_Anterior,CC_Anterior,ndv,ndp
p_0,0.9734102274118682,0.7593299309157198,0.6579714570196664,0.8525729557350978,0.2878411874957669,0.7922226853648293,0.8078658310267086,0.8600110977853952,0.8176857411253873,0.7886116922599393,0.7492307673096646,0.7976257750208429,0.745473355547146,0.8082709131981697,0.8191228062990151,0.7694812729251425,0.7323840791077616,0.7051482004278612,0.832793038020139,0.2857142274052597,0.23322147455351114,0.7761560067387878,0.6619486253281724,0.7901884695189936,0.47629547435175884,0.719686056152281,0.8256781370954788,0.8753526966111466,0.7954093331363286,0.7837002696179024,0.7695516142608143,0.8074586560855057,0.8194386241737776,0.6551485787481094,0.8246644288383688,0.4912279839950905,0.23235800144270222,0.0,0.0,0.0,0.40411839891739515,0.0,0.0,0.0,0.0,0.0,0.0037762331852744546,0.03626927344873295
p_1,0.9722057227867202,0.7621008691199325,0.6567182315977494,0.8023437948585347,0.17940199037538224,0.7850830240272142,0.8019404308126313,0.8530086101528462,0.8010798861196713,0.8042311076174123,0.7061113259904412,0.6398601370635483,0.8303220722106794,0.820269971111563,0.7976236844588784,0.7843697860748874,0.5792349702428122,0.5861581879508603,0.8016808100834796,0.0,0.2172995757668821,0.7727287793838069,0.6746799095661793,0.7236842099727018,0.1671924263849775,0.7996848230181519,0.8588575908764788,0.8647327244324573,0.7058823521457265,0.7571736600122959,0.6845261881556853,0.7734167607381336,0.7858637507885057,0.4909657290282509,0.7863247856658918,0.03636362975206731,0.21292775462996433,0.0,0.0,0.0,0.329268285990482,0.0,0.0,0.0,0.0,0.0,0.0024875664354710478,0.03367861105953774
p_2,0.9750505741846305,0.7626772019394662,0.6657663623213106,0.8637845087884468,0.4866828028246634,0.8237161317243746,0.8641524789078542,0.8836204374402217,0.8386336855926794,0.809315569196262,0.7528026884730866,0.77999999675,0.8288053575943332,0.8598541427185916,0.8295826721293369,0.8155913956570123,0.691263779935268,0.6079223879715248,0.8349249651342201,0.5312499169922005,0.30515062871573734,0.7537828013335546,0.6576444447506138,0.826072757608208,0.5903614398558088,0.825757575518807,0.8836460573023113,0.8900872510360596,0.817306422876525,0.77975883666932,0.7553600858841119,0.8035750967705207,0.7960248427427954,0.6666666608340625,0.8265799248823607,0.1081080788897084,0.2990152166605621,0.0,0.005025125565010985,0.0,0.3018867891022554,0.0,0.0,0.0,0.0,0.0,0.0026287204210904626,0.023315961502756898
p_3,0.9700005762723503,0.7669799394932422,0.6514160319112752,0.8340040791476906,0.36281178726970764,0.7469961506609539,0.7208139242870368,0.850477313713141,0.8004630287940052,0.7817833341409297,0.7299651552047798,0.7602905542708731,0.7291714998162648,0.7836739570957819,0.8206151884396923,0.8096301791768921,0.7138554189990383,0.7047332779509146,0.8409690171053321,0.1791044508799327,0.28924418394444634,0.7748496049485425,0.65899522873004,0.868900093637766,0.2747111646378541,0.7475298947342601,0.796376213105716,0.8754877204065368,0.7971316808381596,0.7291953226193301,0.7367495035479449,0.8056181716615067,0.7666025005615917,0.6051212897229024,0.83952870823139,0.0,0.38053097134662073,0.0,0.0,0.0,0.09615384461291916,0.0,0.0,0.0,0.0,0.0,0.00517952573473846,0.06654764012245198
p_4,0.9741292239337687,0.7597449523914753,0.6480510113413456,0.8596008440354802,0.4415584358239164,0.7839443467282469,0.8570581536577981,0.8627638640597842,0.8561852520249997,0.8177885440233704,0.7673162696235825,0.755280405115512,0.8228228212784857,0.880004139420804,0.7907894728171169,0.7868474162479162,0.7141353885859859,0.619661012748061,0.8007002664694552,0.38235288494810515,0.3395981831523125,0.7613962644849934,0.6551168031002039,0.8541584967187771,0.6113207489498043,0.8246131169170311,0.8657264388795541,0.8819902881324729,0.8542443055339086,0.7971676966951979,0.7809798252137853,0.8265087298820497,0.7997814782852185,0.6276595702948167,0.8207941962049715,0.18181814049587713,0.5313463487597824,0.0,0.003565062356817626,0.0,0.5035161673204477,0.0,0.0,0.0,0.0,0.0,0.0028378950957655374,0.023693766434514534
p_5,0.9731320818340801,0.7522828871238756,0.6459951073536998,0.8855928575014709,0.32070706665773907,0.7731174720850222,0.8321226607848776,0.8681337718083904,0.8098843314301952,0.829237779618231,0.7529187496952139,0.7942157931195334,0.7597208355939161,0.8508758023201086,0.7969712258485904,0.7770851861766542,0.6488856388422154,0.672727267630854,0.8250385794511588,0.3103447740784872,0.3599508577398596,0.7676294186502324,0.6610509819190741,0.8775102251506872,0.4447552385348918,0.77616811510435,0.8444875476883764,0.878183233939611,0.8183884289066236,0.838549516057674,0.7793377462798999,0.8236217374694705,0.813251531746622,0.7073529359753461,0.8345501276765551,0.19230765532545088,0.4825737239540283,0.0,0.002659574450401766,0.0,0.4594594525606689,0.0,0.0,0.0,0.0,0.0,0.0003484485388480523,0.007394182235827997
p_6,0.9719853372961395,0.7631115252295533,0.6356001692144826,0.9023809521474169,0.45770064579500386,0.7226154205009103,0.8270793754497937,0.832739432688592,0.7676499023601911,0.7971150822649576,0.7495621697534096,0.7925905113876213,0.820434029536328,0.8027765498088213,0.7982054390146692,0.7662988947685584,0.6227333010936165,0.5250463773186792,0.8263462543182369,0.4062499365234474,0.38054968019344837,0.7660690989437624,0.6394628180758131,0.8775192790883548,0.34951455886511457,0.7397999602050406,0.8408890588874541,0.8758628892669228,0.7768103154669787,0.6969212733600498,0.699469366378511,0.8178993156193738,0.8230588215928029,0.6599634308961295,0.8103837464747493,0.08888886913580685,0.42140468026084715,0.0,0.004839685391169478,0.0,0.061728394109129725,0.0,0.0,0.0,0.0,0.0,0.0011065360346312802,0.010524565956105543
p_7,0.9757801702576645,0.7630603882635737,0.6680946100937296,0.846703269594916,0.44467212659147415,0.7773894542539463,0.8483835377721652,0.8990027578511549,0.8351503995334948,0.8201219504841087,0.7278225788109309,0.776355418763722,0.8129510419095942,0.8464187195193724,0.8339504961664875,0.778565350783767,0.6990059614353639,0.5981465829979227,0.8502800713469286,0.33333327777778704,0.4093333306044445,0.7616044799119444,0.6675818126774918,0.8691208173484306,0.36650484992105764,0.8285230264686526,0.8740105989623034,0.9019543253722253,0.8257075461960997,0.811438626650736,0.7770764938725663,0.8284493882701407,0.8074375934604238,0.7047618991685564,0.8292925269979208,0.13043475425331427,0.48566198605453337,0.0,0.006191950400495868,0.0,0.5683646036412252,0.0,0.0,0.0,0.0,0.0,0.0002849042444829164,0.0035621607851434147
p_8,0.973931318544252,0.760735370557909,0.6569871057095785,0.8315613305613501,0.5166994055334047,0.8020121787656838,0.8652876079676947,0.8666092011277831,0.8221184183535938,0.8326499467601317,0.794839360498762,0.7669120197444373,0.7686832724122185,0.8666231542509794,0.8265039223773933,0.7975424201359204,0.6866523886985996,0.6531881753251308,0.8488991469736336,0.5098038216070938,0.3521248885331753,0.7629654906654724,0.6588195714212965,0.7388733776162971,0.5814167379814468,0.8230531344326529,0.8788669969001066,0.8849721702035511,0.806759937932179,0.8032580230745099,0.7637935398835658,0.836029113590751,0.8340402947135729,0.7001522016731188,0.8350953276993808,0.09523807256236366,0.24855012221582334,0.0,0.0,0.0,0.548571420734694,0.0,0.0,0.0,0.0,0.0,0.0004026862119471373,0.006854460904745662
p_9,0.9720880544483876,0.7765027484095234,0.6376328204488044,0.8902917096476732,0.2508833877935797,0.8029209921980992,0.8574621374531518,0.8874896038449034,0.8592800363963534,0.8436382210495331,0.7484795813456134,0.7202891969259412,0.8139375977819686,0.877703233017325,0.7559704197406105,0.8024975326897879,0.5961214140129788,0.668112793433747,0.7979982669637203,0.5176469979238826,0.3805774253242951,0.7694212606331425,0.6404998908311968,0.8710209853231984,0.45169712204050755,0.8487796088598337,0.855479283215019,0.8911094955843571,0.8333333323794262,0.8121566535423032,0.7778276463693276,0.7944274540781204,0.7952966306913505,0.6829268240630577,0.804123710565446,0.055555540123461075,0.4360189550499265,0.0,0.004761904724111868,0.0,0.3512930996627899,0.0,0.0,0.0,0.0,0.0,0.008144943709643207,0.08484419324614316
p_10,0.972776062173724,0.773894198258739,0.6392422046810731,0.8154016791763579,0.2555994696231954,0.790139131145813,0.8391235988715878,0.8916857762830325,0.8158482131475332,0.811658757808019,0.7562515767712766,0.7602608332939745,0.7950750534743211,0.8811738502421764,0.7669693031053078,0.7955832367055967,0.7189914570191481,0.5719557142808513,0.833602584066054,0.0,0.4056537073805392,0.781562107094769,0.6425292469166599,0.8221280771031325,0.43537414472364916,0.8433974425584513,0.883481571375268,0.8694332569489096,0.8221200712883131,0.8009881958084105,0.7270723088027506,0.7830408755623888,0.8013144570239775,0.6577060872965405,0.7833272119139486,0.5641024917817318,0.37384411906311676,0.0,0.0,0.0,0.18796992304539548,0.0,0.0,0.0,0.0,0.0,0.007301309901493072,0.07329415676098117
p_11,0.970127899141707,0.7612652501377002,0.6537609138145606,0.8857890723018491,0.4981617601271897,0.791564125481585,0.845395040043302,0.8776115782246645,0.8286814234496134,0.7985730437670121,0.7234459111026776,0.7617905645012367,0.7717059617983191,0.84117577786563,0.8291350522719929,0.7795111784204077,0.7320540130346339,0.497478987416143,0.8357395246484205,0.0,0.44248704433944536,0.7670623640287888,0.6551926839622443,0.8766897458368975,0.6029850701269771,0.7994734529991314,0.8646297720935314,0.9048115225836276,0.8144426258302844,0.8038880381568824,0.7753941566932174,0.8296660109728232,0.8306926192152725,0.6806358332324001,0.8456917766167487,0.20408159100375692,0.5395430556259092,0.0,0.006514657938015258,0.0,0.3562570422067977,0.0,0.0,0.0,0.0,0.0,0.0028588206494586607,0.04425714914875152
p_12,0.9732836648315076,0.7678301159266694,0.6529719788866369,0.8773610410300278,0.3761118122476263,0.80825120311523,0.8318351152090303,0.8867987158975331,0.8389269808265043,0.8287226597136497,0.7549756728107571,0.7250308231605802,0.7606417096029054,0.8759294443715788,0.8021444458808978,0.7559834917304443,0.7150041881181718,0.49327353817691894,0.7805880768785521,0.038461531065090176,0.4788549090510416,0.7755752666397965,0.6456351621701177,0.8452129898538523,0.35897435412990075,0.8066137135431504,0.8642369990899246,0.8807573657691962,0.8360403853862595,0.7866459015119273,0.7084562421129393,0.8195991083377563,0.8109130177987223,0.6722560924370725,0.8177322493661849,0.0,0.35222671827107477,0.0,0.0027529249733209736,0.0,0.24282982559436114,0.0,0.0,0.0,0.0,0.0,0.005473818331330837,0.045390563944024416
p_13,0.9779440131848296,0.7834748344512578,0.6635806365976507,0.8386884160824472,0.4075691352610024,0.8018450580487038,0.8663780783882016,0.8711521312752887,0.8469156415142398,0.8268869688069029,0.7211808792849558,0.670233459775129,0.7358695632177457,0.88180078358119,0.8235541085089177,0.8131074678891766,0.6908797389391454,0.5348837164876767,0.8131688728340569,0.5217390548204268,0.23031727108910374,0.7844832003153625,0.6653512680946245,0.8005918821867306,0.6444972237173616,0.8221112540748197,0.869584279905564,0.8946201671291591,0.8409554665214795,0.757596218040324,0.7535632166584754,0.8252514180770174,0.8163672634322173,0.6112600481567467,0.8286109821609497,0.1777777382716137,0.328014181489236,0.0,0.0020768431767721374,0.0,0.3123236094795521,0.0,0.0,0.0,0.0,0.0,0.0001914176138778285,0.0029684673209528457
p_14,0.9756236651069051,0.7646350203441713,0.6595917964310016,0.7878477769185496,0.5036726075165519,0.759826225351578,0.8262117192653599,0.8853290178612033,0.8206823580789707,0.8250794236356949,0.7398089896580271,0.6962699791462256,0.6640972408416921,0.851961851821278,0.8274750721850387,0.8118916053357231,0.729701227663616,0.6242960529018822,0.8254721277023336,0.574999928125009,0.2158808906218252,0.769680196269722,0.6695348244233459,0.7444923170925191,0.45982142343949306,0.8088246920559781,0.8503821536785944,0.8823561911464021,0.8037634397798878,0.7917732908807001,0.7373271871517653,0.826949790804773,0.8285415555971208,0.6873508298540109,0.8401952649533064,0.22222217283951712,0.23108384221795664,0.0,0.0015600623903271264,0.0,0.36835599050239815,0.0,0.0,0.0,0.0,0.0,0.004434705140366755,0.03319286186156364
p_15,0.9645665302860207,0.7647202170325674,0.5953626915757281,0.8953066543205682,0.5357142811588922,0.7783347435784341,0.8118907895002324,0.8818108721121832,0.7992167483066475,0.8351604930023107,0.716049380794285,0.7926549329440068,0.8183145310971274,0.8191478349458085,0.8196380270234679,0.8132147369338795,0.6605166021193883,0.5599151584314406,0.8376676139397932,0.6122448354852208,0.46145124454959613,0.7589112762597839,0.6028504424295832,0.8616195358627912,0.5693664749850322,0.8019226776395593,0.8149677456677173,0.8777591320009299,0.7452288792937023,0.779119671844376,0.7122538273734851,0.8151571156139278,0.79768785896622,0.5938864563986195,0.8359297960600179,0.13953485127096482,0.4370805350793601,0.0,0.0,0.0,0.4497878295645286,0.0,0.0,0.0,0.0,0.0,0.010668231780245691,0.16056709599699484
p_16,0.9709671441232718,0.7464607051159166,0.6404519967729658,0.8750222980216839,0.5589094395432382,0.8018852934380434,0.827090584088854,0.8478372659574669,0.813008128921683,0.7492838188336511,0.6274509789275188,0.8137931006420926,0.7694710984836619,0.7987762948120551,0.8115067382704619,0.818181815900218,0.7240995145781673,0.6153846096813289,0.7831073079247226,0.3636363085399532,0.32915531155773675,0.7547771209750075,0.6457954848144849,0.8490582486706234,0.44574095162495975,0.8025976649308643,0.8406199599703209,0.867543590781558,0.7112338312581982,0.7507239911442147,0.7291275148211341,0.8154372244109065,0.8088077314478846,0.7458223329303225,0.789064642233643,0.17142852244899356,0.4052355999725885,0.0,0.0032467531940462147,0.0,0.39872746130723796,0.0,0.0,0.0,0.0,0.0,0.0013698737900624445,0.011334147952729048
p_17,0.9703659078031256,0.7690165540586835,0.637372897852368,0.7460669407950232,0.4891740137195348,0.8145773917132529,0.8679713695690412,0.8424606519822945,0.7876429657025787,0.7798386419530577,0.7253507577832967,0.7928546863866207,0.8167503014072499,0.8475275662552738,0.8119596534474427,0.7844961222934749,0.7081776641420603,0.6635198876364135,0.8273954110476415,0.12121210284665108,0.26494939958648206,0.7680658122061174,0.6453260310769513,0.7488584470445008,0.33782129329472105,0.7997405465815258,0.8675105855034164,0.8393305006708653,0.759659156344509,0.7109546160321168,0.6392985240348774,0.802822062669212,0.7797849445596023,0.6715958060899827,0.7961902028099469,0.0,0.34010533980357155,0.0,0.006741572957959854,0.0,0.33111322234906543,0.0,0.0,0.0,0.0,0.0,0.000680875178371188,0.008689513430425603
p_18,0.9745419738627676,0.7670185388963874,0.648197102030969,0.61406717607743,0.35483870527495404,0.8139728817327199,0.8487804877453897,0.8719833057194777,0.7555673372805312,0.8324787754623193,0.7544220469880254,0.691182613074874,0.8031297304312727,0.8760053388418485,0.8170674643800249,0.8217616559021719,0.664525008423474,0.6114068394569823,0.8024164310894754,0.44444438271605796,0.18203033626569037,0.7785041979482761,0.6561626842564289,0.7115858663010798,0.5203574923499753,0.8233069161793626,0.8600475479328012,0.8861113987728911,0.7742693100544503,0.7952864682687636,0.7482014373537141,0.8075659348125691,0.8068054604727883,0.663723321091072,0.8136666119025592,0.11320752580990079,0.25581395100955473,0.0,0.0,0.0,0.25251396365906187,0.0,0.0,0.0,0.0,0.0,0.0025518076376007197,0.029576728943311988
p_19,0.970785291826523,0.7566198389754446,0.6541670925908821,0.806586938321591,0.35135134703499576,0.7046917734684006,0.7330377236024987,0.8525648545295429,0.7979770355413108,0.8012870507007732,0.7563710480214805,0.7634285685202721,0.7353407270593219,0.7596106642810646,0.7890074483702362,0.7958271213239132,0.7409809455168992,0.5764809851770027,0.8034006368433961,0.0,0.15715823296923323,0.7621948138976099,0.6586695097374716,0.8142601545197402,0.2782874575185404,0.7350926493512134,0.7231416587802705,0.8899403915135867,0.7996399166671297,0.7803705550522078,0.7236099899983616,0.8087944140785721,0.8105702341847837,0.6231671508565458,0.8103348163244293,0.0,0.3356752510876249,0.0,0.006097560882659133,0.0,0.15088282261825325,0.0,0.0,0.0,0.0,0.0,0.0070027575986020855,0.07696426181234105
p_20,0.9718487505784794,0.7678835642167511,0.6469118161532956,0.6846810777390705,0.12811387672395239,0.7785515318326236,0.8411141951905268,0.8496214118464425,0.6063707296835478,0.7258825437401314,0.6706563693616673,0.6553799824854025,0.7339449524450804,0.841668408198479,0.7564238275850026,0.7761819246673192,0.6370738613740274,0.37302247815967965,0.7994128434499722,0.5066665991111201,0.12217795322472838,0.7729714786949167,0.6350165309007192,0.7202026216327454,0.6385714240102042,0.7759618367979332,0.8448872090564628,0.8777699074786148,0.7506014426044204,0.6936525431614013,0.6646065087255738,0.7717530520265109,0.7946741396994298,0.5193160195103482,0.8135567852659309,0.06896550535077493,0.3410852686737576,0.0,0.0,0.0,0.2370370341106539,0.0,0.0,0.0,0.0,0.0,0.006282410164223143,0.09768956092590274
p_21,0.9749951618573893,0.784365074530735,0.6555342035988727,0.885025922237462,0.47813410730222955,0.8092096883047118,0.8351243430971358,0.8965419496898422,0.8376706475707438,0.8282049125277061,0.7704347809338374,0.7625133093272513,0.7635875625954204,0.8771370474376352,0.8173757269884678,0.8273420456771731,0.6861800641490179,0.6255707714948953,0.8296309094739123,0.1846153562130221,0.4266666646349206,0.7784913913194065,0.6584250492399395,0.8748287253667975,0.6149297811165574,0.7788060716831905,0.8528485479715292,0.8972557061311845,0.8199846599978255,0.8047278168763711,0.7804088225452159,0.837028728464301,0.8170387456580992,0.7062271010532813,0.8466955112864211,0.13114751948401318,0.4984451332810078,0.0,0.0028639618001720197,0.0,0.6641790962166779,0.0,0.0,0.0,0.0,0.0,0.0031091104871924543,0.02050941058112875
p_22,0.9697721440751296,0.7401675534469374,0.6524351559934249,0.6840901208429184,0.2485065681182011,0.773501673062189,0.8267898670839777,0.8433237612870945,0.7276346886554254,0.7761030412203316,0.7217568469056898,0.5196441789486872,0.6766298447549711,0.7918816434400631,0.7987821251913835,0.7653345707125127,0.43724459884050026,0.6811501553920118,0.7582123442629473,0.0,0.07258064418574403,0.7594027351350783,0.6619430688083983,0.6058545479676138,0.2524064144127656,0.7054834109079643,0.7422574668250802,0.8305738949565394,0.7030117112339491,0.6847570014093386,0.6090482274668199,0.7781886980492055,0.764878930154155,0.6625598859509932,0.7020755019594088,0.2564102235371508,0.14711033146138064,0.0,0.0013175230479741565,0.0,0.49278845561552337,0.0,0.0,0.0,0.0,0.0,0.0013405912495881983,0.017055194062201802
p_23,0.9750266154197877,0.7603751172534983,0.6482732135741482,0.862930651652161,0.4261874142979793,0.7545792620620932,0.829006357063542,0.8813778680465041,0.8370560224129672,0.8336072698118464,0.7526510462326731,0.7085610168098314,0.8094390008694591,0.8719646389243837,0.8360311111666691,0.8365825664088802,0.6505031992200219,0.6003086373432975,0.8344539334595186,0.5063290498317659,0.2415966361176824,0.7655058447321863,0.6485405739625945,0.8622265221403932,0.6105263104339798,0.7282754507059483,0.8304169018069499,0.8909090904241105,0.8408790670819274,0.7572909594445394,0.7037294401118152,0.8319013435440197,0.843625495907307,0.6315789424800392,0.8383746348046879,0.45045040986933244,0.4283489063212702,0.0,0.0,0.0,0.5942684676580925,0.0,0.0,0.0,0.0,0.0,0.0015609120347858183,0.01198181355002785
p_24,0.967728283666539,0.7624568279061037,0.6060692086225179,0.8741356565513667,0.40972221748006693,0.8024890395128018,0.8288541825137989,0.8654648020201957,0.802098512384001,0.8087749943615075,0.7371273694576808,0.7785904229435159,0.7802303244236317,0.811067847281095,0.8074497429962064,0.7774663655340068,0.743743197106248,0.541577819386164,0.8245344587977208,0.32258059313216236,0.4085918834912082,0.7644912746982093,0.618772084114571,0.8639200994756924,0.4972129264524757,0.8094778973297461,0.8398121662609568,0.8616716449054005,0.7828975866201104,0.782590968522484,0.7301992827537065,0.8098722067994614,0.7424766957590501,0.6705882287197232,0.7767804870470435,0.1276595473064793,0.5227272700272352,0.0,0.0028248587171630125,0.0,0.35059760676814655,0.0,0.0,0.0,0.0,0.0,0.01207178457131831,0.1299648965246264
p_25,0.9710194080105597,0.7748093339591191,0.633439934085965,0.8698597702167693,0.36408363635813484,0.8029706130741666,0.8402183790250486,0.8475153909149542,0.8326676754817963,0.7885966665442716,0.7097791782114035,0.7897623371489494,0.78841413149463,0.8349549279840639,0.8206383743011985,0.8004819257819713,0.7100542314974791,0.5471698061587754,0.7964022887286252,0.17391300567108572,0.27943484867005614,0.7786215398668083,0.643763115079967,0.8679648853135044,0.5250683634907168,0.7934483618921109,0.8261933316776073,0.8887317297921195,0.8321704924113023,0.7366192916675544,0.6292186763078625,0.8158609443999086,0.8449691970098326,0.6991221013637502,0.7705329729601591,0.0,0.3272035489714423,0.0,0.002735978074747222,0.0,0.156097559071981,0.0,0.0,0.0,0.0,0.0,0.009131934768269793,0.07739603887720692
p_26,0.9756078195605135,0.7576012158648814,0.6641580080406086,0.5654937902383991,0.25077398992609923,0.7180168436138918,0.8041772929977001,0.8161535981893416,0.5421570975952954,0.7691914451996325,0.6737227749364487,0.4875727102719582,0.6908627803538274,0.8478264068589517,0.7941682689134674,0.7960505992099641,0.4901703779372198,0.47142856768707486,0.7009959077426111,0.13333330370371027,0.07977991637166552,0.7625579432117914,0.6621397069951985,0.685140120350781,0.5385450538703035,0.7096709967872005,0.8086691408053521,0.8391990625025383,0.6478606131944286,0.7092225970939424,0.6251661483713643,0.8009318077076114,0.8167124098300932,0.5063291096512311,0.6763702897144055,0.0,0.18773946180326187,0.0,0.0,0.0,0.20725388243084833,0.0,0.0,0.0,0.0,0.0,0.0013771373155691965,0.01613766779936183
p_27,0.9612861203844215,0.7499825280791941,0.5822226539941706,0.899389223372785,0.5308385271598162,0.7858528575478725,0.8014683899297462,0.8254277665012846,0.7825803640501952,0.804256459980098,0.7811345342726917,0.7894833594604094,0.7891183463282003,0.7992802464861462,0.7968641452844456,0.7581274357668158,0.6684636096076023,0.5666666614197532,0.8354342338212343,0.49275355177484753,0.4202898531689771,0.7546784745823508,0.5932226815558221,0.8817357597554664,0.5739750420054588,0.7738389665128275,0.7872653468211143,0.8748481161402256,0.7351876737305474,0.8033266305946567,0.7317419032575233,0.7921664160493194,0.7988475620774029,0.7431506785689155,0.8222833111074682,0.26923071745563126,0.47233904732339355,0.0,0.0035513465417243368,0.0,0.3415584393405296,0.0,0.0,0.0,0.0,0.0,0.008205113206359449,0.09466712147184166
p_28,0.9750286648508582,0.7511121193405778,0.6705331552769705,0.6796209091734989,0.39999999477124193,0.7788641562359933,0.7895230594864572,0.8369349855610123,0.5701295742553654,0.7364875959122001,0.6835999986328001,0.5570503210909301,0.6615479095161304,0.8020721978781231,0.7949338789393426,0.7770374147179974,0.6053969471826478,0.5637010636035512,0.8194204891174366,0.08163263640150277,0.2757172828851135,0.7645066582649243,0.6719678183120643,0.6781624320928246,0.2885572091449882,0.7383589057402644,0.7898211847060649,0.8785564848961525,0.5626368554078174,0.6912981687776493,0.687600642738324,0.7865707426193338,0.8037291442499285,0.6084337312744956,0.7990165942584805,0.13043475425331427,0.3832835798012921,0.0,0.0,0.0,0.006211180027776708,0.0,0.0,0.0,0.0,0.0,0.0036142869837560462,0.038590075172386995
p_29,0.970453403973873,0.7700800432228425,0.6329227808492608,0.737024460718575,0.25287355958515,0.7724282713383651,0.8297872339885622,0.8631478633791372,0.8008323412591671,0.7751937976483785,0.5895953744117489,0.7767584068166727,0.8028565228243746,0.8310777917255131,0.7707753471463465,0.8134369771975652,0.7029077087951634,0.5200698034897923,0.8390359001862162,0.17021272974197238,0.031746031358412315,0.7778457237573526,0.6271672220796254,0.8022746579500133,0.4043419212436646,0.789287938346147,0.8516972128259072,0.8685096281694479,0.7886168429834421,0.8069246042882181,0.744644174477606,0.8012025546775624,0.8143146504291816,0.6682847842371782,0.818616566337646,0.299999970000003,0.1686942403187815,0.0,0.0,0.0,0.2790178540288186,0.0,0.0,0.0,0.0,0.0,0.006150368688312435,0.05461979870553235
p_30,0.9753315065837523,0.7722937253775991,0.6566855365809784,0.7334872974374878,0.34492753123293435,0.8134386578863275,0.8663394317497345,0.8824344332477742,0.7934288700996984,0.8245421547602818,0.7779220762382639,0.699876489502361,0.7853022841587219,0.8794342484497044,0.7835806506228747,0.7913340912447716,0.6627078358562635,0.6130903014656977,0.8352734804375112,0.48717942472058656,0.2767857118144133,0.7783885092420489,0.6622117483934153,0.7683014520578877,0.47199045921346294,0.8374310458933601,0.8723854519862946,0.8841852195650751,0.809985180884549,0.8051564161218849,0.7709105073680825,0.7947272720047934,0.7815338022665645,0.6756939696974004,0.8039686343383192,0.37735841936633596,0.3267399243462277,0.0,0.0017406440231449607,0.0,0.4447236125034722,0.0,0.0,0.0,0.0,0.0,7.37802295977823e-05,0.0009175262628399704
p_31,0.9732899756748075,0.7640402155178521,0.6458909157807871,0.8941009716205113,0.519637457002644,0.8223747014253058,0.8452549529357385,0.881267978520352,0.8299947274248883,0.8068910248328416,0.7466019399354322,0.8100775171371054,0.7324468065626414,0.8679601797036303,0.8030390451980775,0.8050314441298848,0.7527801518312514,0.5469924760621008,0.8396192521195948,0.5227272430268611,0.4740024155138911,0.7623061349972372,0.6383849886918537,0.8806362007227136,0.6221122060881832,0.8491270682103758,0.855973277386955,0.856346483245955,0.810863238590127,0.7812531421288815,0.7146159755596815,0.8179892133879149,0.8008849535373757,0.6903648204830232,0.8414434109336218,0.08888886913580685,0.523785675894914,0.0,0.003842459136960047,0.0,0.29742765034222146,0.0,0.0,0.0,0.0,0.0,0.0014718899611529583,0.016461500598011235
p_32,0.9724162265830399,0.7636163251806058,0.636857870608914,0.7911364350800023,0.23423423001379767,0.7944713789959361,0.7897221282275306,0.8777184381006891,0.8191430149984099,0.7679232069113857,0.7414586849007544,0.6315789442905508,0.7073821502894095,0.707771471705218,0.7704288449216675,0.710850799288376,0.6650943364854041,0.35327634992140217,0.8020241470152485,0.0,0.2080624160199946,0.7757140653476988,0.656403485843452,0.8152930928501937,0.3738562042633176,0.7411057560131299,0.8157184238816747,0.8535720508902098,0.830492293971782,0.7685831614285594,0.7180118092568607,0.7678950407409849,0.7883751630426019,0.5631262468624625,0.8053486486535505,0.1777777382716137,0.24134705106317073,0.0,0.0,0.0,0.18181817923553723,0.0,0.0,0.0,0.0,0.0,0.0008967575888724915,0.012035785683136083
p_33,0.9719676205847537,0.7728689900081304,0.6241770070359017,0.892073861544325,0.37317783712568753,0.7871191274872313,0.8286611498403825,0.8936678608759452,0.812988858955927,0.8378197137294572,0.7491215723843486,0.7954173464391234,0.7399172679940091,0.871029202745171,0.8203287788604668,0.7581227411942147,0.6922257696406611,0.6590476127709751,0.8373149233923927,0.5135134441198048,0.4360313287465318,0.7761333036964918,0.6305741663572465,0.8840544917229626,0.40320426697991635,0.8375916121647008,0.8667807511691372,0.9071298671178718,0.7909156443271862,0.7897068519278849,0.7452784485586479,0.8269717293730374,0.8287769760322964,0.7030497535870807,0.836800145847338,0.05128203813281073,0.44843049040082966,0.0,0.0,0.0,0.4734299459730683,0.0,0.0,0.0,0.0,0.0,0.0043067595873688535,0.04306976222037038
p_34,0.9709160130522595,0.7583812082055421,0.6526380080041871,0.8687736670300125,0.5323868630666649,0.8189811581803262,0.8596799843653449,0.8796640279547386,0.8556160507606211,0.8003253348513011,0.7634749508275736,0.7686440645396437,0.8112665934494679,0.8589150856613443,0.7983996869648715,0.7697954882805571,0.6805924774759116,0.6425041133236894,0.8439572090496356,0.16666664351852173,0.4122562645386054,0.7703306029550006,0.651779953825119,0.8707193328181195,0.4144353851637324,0.8422821706579692,0.8616987541911213,0.8990973560610911,0.852000803486828,0.8071236003536283,0.7665386240577494,0.8191151078230988,0.8330324890951434,0.6899441292601667,0.8321293422496308,0.07999998400000319,0.39518413317858264,0.0,0.009198423067027443,0.0,0.3692003912221087,0.0,0.0,0.0,0.0,0.0,0.004877774663056137,0.041450598227123374
p_35,0.9687316853762235,0.7471926513193657,0.62037934334981,0.8587310080048046,0.483304037932302,0.7637173628929912,0.8325651370558323,0.8564097498981498,0.8065433843434661,0.7776223768973218,0.7492211818556044,0.7516731216918875,0.819179921982568,0.8504360825898436,0.8205648875571674,0.8123575568185425,0.6763710200529078,0.5509433910288359,0.8301183479357764,0.33333328282829044,0.3856447665106766,0.7652910060052917,0.6271644227233244,0.8481856327582397,0.6107711100932001,0.802949446031173,0.8523025822645824,0.8707054807916572,0.8267622450195643,0.7534246568175185,0.7329255842687931,0.8143722505896837,0.814368583635947,0.6683501627243252,0.8173991024059201,0.12765956088728075,0.3602983341348346,0.0,0.0,0.0,0.3344334396651987,0.0,0.0,0.0,0.0,0.0,0.002343641000252291,0.048628891930518434
p_36,0.9690712470891536,0.7681482460541892,0.6494128500738133,0.7269273591884933,0.3422330055554247,0.8050266368930115,0.8618427031122597,0.8804621011153657,0.7838827828926579,0.8295803024361865,0.7504636291974787,0.676910296192233,0.7366540077358633,0.8231408596874634,0.8017901705811256,0.7968788081031973,0.5975903590458218,0.5865880575785699,0.791294558505595,0.1639343993550165,0.09340659212353583,0.7782308642969272,0.6625685351821183,0.7629251272188083,0.47983870484033564,0.7906560961700684,0.860168988627669,0.873236714553992,0.732697184765434,0.7656693959838966,0.7046457836774317,0.8114331716494096,0.8273822082666761,0.6361149067297203,0.7849624054248403,0.0,0.23130300515572086,0.0,0.0,0.0,0.021428571173469392,0.0,0.0,0.0,0.0,0.0,0.006806073980686247,0.06859858118056485
p_37,0.9682529075197244,0.7530443289465382,0.6096174773919517,0.8914922116856682,0.48090814777184576,0.7985808029141949,0.8519569154986057,0.8203049599045841,0.7626631843829462,0.7768932865997276,0.7345661430026568,0.7907089262262064,0.7922230011894519,0.8666602703892046,0.8028627187130094,0.7919003090595006,0.6419057360606922,0.5489313774023468,0.8193814840139202,0.5636363123966989,0.4701754358469273,0.744089435087476,0.6080287459570857,0.8412903745722419,0.4738400742957545,0.8180700169937771,0.8556902619660534,0.8132356782544888,0.7158251595643236,0.7669080633768159,0.7190008899226854,0.7320367989611776,0.7665294903524568,0.671090041032322,0.8023060788235785,0.0,0.3501912437305939,0.0,0.0,0.0,0.4914841789357156,0.0,0.0,0.0,0.0,0.0,0.003402410011894836,0.05003216739133251
p_38,0.9704216505266955,0.7640340289645264,0.6661327451597494,0.8251103383324431,0.296568623816561,0.7376096667196903,0.8009608536146108,0.8253316641675436,0.803897684858933,0.772115855893848,0.6671283456437481,0.7668331653010326,0.6464596257230817,0.7330491821992913,0.8208900323456326,0.8053589463969693,0.6340276712269611,0.5622641456390175,0.75991075960193,0.4067795920712556,0.3595505598739938,0.7654685627659407,0.6595147133764749,0.7481217870211804,0.4235055681509061,0.7580518291719526,0.7657269940033824,0.8518786524620771,0.7955137636847017,0.6684365216000412,0.5964154597356609,0.8105244562859576,0.8152629110859402,0.39042356914895426,0.7406492583445226,0.1052631301939131,0.3299663283791903,0.0,0.002900652636328308,0.0,0.28674873072593243,0.0,0.0,0.0,0.0,0.0,0.0037326292816819233,0.05084174938795601
p_39,0.9721314544796111,0.7823512028858831,0.6585711383251074,0.7539280279055195,0.442477871211528,0.8170482986889198,0.8679887040559782,0.8722425007288566,0.8009436072782031,0.8089134616663203,0.7251925176563422,0.7432762805897462,0.7913218501647913,0.9080911976571564,0.8202412466213188,0.7827275190414662,0.6747220847040981,0.6928011354754018,0.8422917890116516,0.36734686380676246,0.29579066785221086,0.7816679316971524,0.6651737378379995,0.7359683186840543,0.4083044935605018,0.8014768402771365,0.8647987773264902,0.8868109161211205,0.7842926296026975,0.7873738176675422,0.7330795246762278,0.8112935745594031,0.7692307674322405,0.701700149136784,0.8294248766567768,0.2448979092045083,0.21541318277239385,0.0,0.0,0.0,0.28759398225945504,0.0,0.0,0.0,0.0,0.0,0.004964193123882632,0.05051791658930661
p_40,0.9725041636602637,0.769015924486079,0.6667909511038546,0.5995677673668047,0.37046979368496924,0.6900359767417431,0.7290900665718427,0.8363976006113472,0.5872370929884834,0.7623674904926082,0.6864445443029563,0.5926254971451554,0.7034653447934026,0.8228058184930745,0.7939812782836311,0.779558650918563,0.5699658678755722,0.5328301846578855,0.81942196468638,0.0,0.08544726187653856,0.7679498370294778,0.6663909274741288,0.6604242619651771,0.2753824718305637,0.7234717129489957,0.749490354998675,0.8393845468013147,0.6331387509731267,0.6924829151108438,0.6457204753072147,0.7660444892473839,0.7771203138787633,0.5810904031670779,0.8016964018706519,0.0,0.25121555712142984,0.0,0.0,0.0,0.45746691006678813,0.0,0.0,0.0,0.0,0.0,0.0056456851890050366,0.049222585394709
p_41,0.969017202928456,0.7710309354667451,0.6305672554613396,0.8765151254960394,0.49905122866175305,0.7991443105922917,0.8243651974798616,0.8675315395932328,0.8256317174010447,0.8259140715489147,0.7385430444012104,0.8294748706113075,0.7822812828742386,0.8455797216114324,0.8296848916956072,0.7632664262764189,0.723460896094972,0.5714285663582204,0.8305841249460663,0.6197182225748982,0.38657074155121945,0.774546928559553,0.6334954075542355,0.8755475232408652,0.5469222951874643,0.8319388866157575,0.8403990354759812,0.8623740471477181,0.8032871073404121,0.7829943114017215,0.7822335005527068,0.8323665885224608,0.7882858656950944,0.6904315132229689,0.8170670912002123,0.24999993750001562,0.5464256345668626,0.0,0.002109704619095943,0.0,0.3820998245946659,0.0,0.0,0.0,0.0,0.0,0.0022345439836390394,0.028497286281147317
p_42,0.9720384597141571,0.7770613951221186,0.6433327302775199,0.6752444668221127,0.3273273224125027,0.7737405201915735,0.82301107262472,0.8598377063653506,0.7923894784661591,0.8226320355096727,0.7727737953613771,0.73957367590559,0.8276743843902907,0.8564865347816936,0.8245561828577247,0.7931034462940943,0.6896212459930091,0.671361497094198,0.8554005351054231,0.49142854334694036,0.23529411513054424,0.7650890595047484,0.6423874466457047,0.7162151095062494,0.34908136024827613,0.7847639199088046,0.8507289518307846,0.8858019117891623,0.8049877865985502,0.7762231188128246,0.7736168137868644,0.8088345857059825,0.7944284322900375,0.7268408493520123,0.8446192742862046,0.3695651772211764,0.3041474626345856,0.0,0.0,0.0,0.5090361369121064,0.0,0.0,0.0,0.0,0.0,0.004938048879225054,0.07037966157313655
p_43,0.9616653557548572,0.7540099480550192,0.6286686401024335,0.845135381954938,0.44859812664861565,0.7460852146881634,0.7921164362365003,0.8615960095913805,0.812713309713403,0.8189661748347208,0.8059764292803526,0.783029610526681,0.7450191170355824,0.7884296347694534,0.7979236182440315,0.8133481628179129,0.7032601440343973,0.6630061725256955,0.8274217579527409,0.3380281214044899,0.1432706212498508,0.755221603072043,0.6396143663239361,0.8464530613760866,0.5785440576082755,0.7580267749514698,0.8127194289635516,0.8695571523906529,0.8302872054325294,0.7912539432157503,0.742612751277969,0.7573591247845816,0.789435599150804,0.7224880339564113,0.8224183303743472,0.44444436213993294,0.24100513854365999,0.0,0.002726033608695894,0.0,0.5889570491926682,0.0,0.0,0.0,0.0,0.0,0.016821091602532364,0.21756166855928946
p_44,0.9747166850859719,0.7425718859775258,0.6596482620632329,0.7426804390139612,0.4954337842987011,0.8180950166916737,0.8336060087235315,0.8572484811950101,0.7903400206772317,0.8130261811332906,0.7878787857470811,0.6486486456260547,0.7910140132089571,0.8831958468064294,0.8215324009926546,0.8257372632017768,0.6846473005371808,0.605358431532524,0.8392974538937753,0.1428571224489825,0.26166666448611114,0.750146312187255,0.6609063753213721,0.7114631090358791,0.4824999939687501,0.8314164891234367,0.8604014831312875,0.8711772210294848,0.7574153836831811,0.7856013386795635,0.7778936371796308,0.8075436107425331,0.7827119430474664,0.6743589700361604,0.8389905978832355,0.4819276527798009,0.27828745964612034,0.0,0.0,0.0,0.4383259863620486,0.0,0.0,0.0,0.0,0.0,0.005007228186466933,0.04895272472916783
p_45,0.9658950278635654,0.7726833188377118,0.6134431115128042,0.8832840683766722,0.43756905593846346,0.8048440808946884,0.8492449692321257,0.8634568267269352,0.7835536625772421,0.7829770060679941,0.7412371114916569,0.8416289567371675,0.7599611254617077,0.8283737926082658,0.7995210050897904,0.7569269497577866,0.7126279839159454,0.5711727791300557,0.8446992377473268,0.4516128303850273,0.30303030098969497,0.7675317770047865,0.6177719959554185,0.8742716268281399,0.31337579218629563,0.8030543147088158,0.8458919109257583,0.8666666661984513,0.7299979737391149,0.7766079424824268,0.6854219932912765,0.8093933455876777,0.8091216193436891,0.7102546406727142,0.839246678292209,0.0465116170903216,0.3654777614906307,0.0,0.004827586190249702,0.0,0.1751684294978977,0.0,0.0,0.0,0.0,0.0,0.0026674986984029122,0.029414812543987288
p_46,0.962451706893243,0.764305759580876,0.5847263659619513,0.8904961596168081,0.47167867691371085,0.7691040586906791,0.8021299401264044,0.8421535166086928,0.726531590065302,0.808798304097671,0.7502532909061467,0.804461939617907,0.7374556494235791,0.7604629613894399,0.7922330089395796,0.7959654155735867,0.6835269969804272,0.6311030684348728,0.8465697863749833,0.2181817785124039,0.4361173795209147,0.7699658022641204,0.5730337794682436,0.86714736772064,0.47884614924186397,0.8093890872658513,0.8179146294005168,0.8531332645041652,0.7158011041814353,0.8118668587845081,0.7445759350478897,0.8110841415745509,0.8196632242811971,0.6350267337230834,0.8149405765213649,0.0,0.4690526296039889,0.0,0.001227370355239735,0.0,0.31917098114848724,0.0,0.0,0.0,0.0,0.0,0.014520679520671029,0.1622942042564583
p_47,0.971808172859323,0.7473851669664893,0.6270885680062552,0.8972168639438741,0.5019801955347515,0.7709603977708871,0.8346258992732343,0.8668758910888013,0.8107928038965214,0.8049490530204314,0.780515757075886,0.8050458692515886,0.7913290097420401,0.7973493235669399,0.8042570113345365,0.8083832313326531,0.7004933026762039,0.7103513702720667,0.8421052623830463,0.31746026706979885,0.4759704229391385,0.765765097575009,0.6376528230496684,0.8796862570606679,0.642346204275063,0.7153836985476096,0.8512687230113353,0.8828557663840262,0.751507178832065,0.7978072941199585,0.7210616841458302,0.8292323860891353,0.8344594571101929,0.7292724134579323,0.8509378077259824,0.3137254286812885,0.5040442720134343,0.0,0.002581477887765479,0.0,0.2317880769118314,0.0,0.0,0.0,0.0,0.0,0.009021617393001663,0.09029537869007474
p_48,0.9675051604299424,0.7583236909446688,0.6355151543518055,0.5165504453027183,0.3866666615111112,0.808687363650897,0.8061619781563447,0.8296479171159039,0.6183589578042945,0.692350641455099,0.6348946601863477,0.642378556773959,0.7825911731158751,0.7976859036549053,0.7777777770061729,0.7969924792055326,0.6147503407478225,0.43866943410946535,0.7890794067012823,0.0,0.17449664136750603,0.7541061358332329,0.6278668123806189,0.6196680344282812,0.025889967218608947,0.7442585429831389,0.8199629005184769,0.8480091007690506,0.7215034717125106,0.7100568887184873,0.5785603703975225,0.7494526110421722,0.8023419184956864,0.5088062572523849,0.7586620919737032,0.0,0.18018017815112414,0.0,0.0,0.0,0.12868632535273022,0.0,0.0,0.0,0.0,0.0,0.01199749856296165,0.11938635843541263
p_49,0.9735967487042161,0.7759092713730851,0.6510573288776218,0.894521298605488,0.41813601488493685,0.7813406378823341,0.83610253197049,0.8959800623599632,0.859815164391699,0.8530866451244856,0.7646909163961055,0.8231206543805412,0.851070109444915,0.8866968537568474,0.8303479505555406,0.8125878032801691,0.6776470561660899,0.6297872286826619,0.8385876411109822,0.5555555041152311,0.44530244243692124,0.7762366184765992,0.6512862112436035,0.8850578393036633,0.5475206555008197,0.819603470091761,0.8686793922303157,0.8884820044123809,0.8461787905673129,0.8163821278456392,0.7785627264834039,0.838684643671855,0.81711452956662,0.6930693012122995,0.8165154257563381,0.19672127922601979,0.4565333308984889,0.0,0.0022296543787106537,0.0,0.366795363254871,0.0,0.0,0.0,0.0,0.0,0.002111481190660453,0.022722268038566328
p_50,0.9718337654057752,0.7574889694373279,0.6173619704821172,0.895674464201771,0.5102458990253796,0.8139788429106936,0.8290487603599579,0.8495669077546598,0.7881537482190879,0.8128377624210459,0.6977385529571468,0.8195629535492968,0.8340449746170724,0.8467100741342947,0.8120031788433991,0.7930444675226782,0.681047763694768,0.5636743156192661,0.8260599050519422,0.5901638376780594,0.42048780282688875,0.7567114881457438,0.6375609161286898,0.8646881836891838,0.4475183057464674,0.8088753291335805,0.8620227821289594,0.8249491864678931,0.7224087746559114,0.7416974161692018,0.6888610746211237,0.7483063018391436,0.8317560440805571,0.6718749925013952,0.7966500415953233,0.1276595473064793,0.365979380395248,0.0,0.0,0.0,0.36524822371233845,0.0,0.0,0.0,0.0,0.0,0.00019702283984156547,0.006314739573663327
p_51,0.969857050542942,0.7485271151670366,0.6276285607560758,0.8724834361501003,0.5674813997477077,0.8238300770036829,0.8404533452157767,0.8593501203872441,0.7729083655405368,0.7834855845491926,0.7220558864220162,0.8064123360259491,0.8301172893868383,0.874333289827902,0.8086742229584286,0.8034697728287618,0.6791116811100364,0.4264150903168388,0.8205176462865716,0.045454535123969284,0.44559585299829074,0.7649222992992442,0.6353758028019856,0.8752790949245697,0.5925925884514843,0.7958436297389335,0.8534929414339125,0.8630888486206983,0.7394814080975032,0.7703147008333552,0.6881780231205061,0.8013852482203433,0.8205525411294796,0.6851691180817943,0.8301921992627429,0.3589742669296751,0.5250578237276106,0.0,0.0,0.0,0.5891472776876391,0.0,0.0,0.0,0.0,0.0,0.0029089060154643327,0.014464531673006594
p_52,0.9646046909191873,0.7623418554847433,0.6257571300871277,0.7879051280343319,0.3656884834572406,0.7822845289484958,0.8062627598535848,0.8822247582846193,0.78773904680898,0.8277130587477332,0.751848427098317,0.7050359680528958,0.7011105729089557,0.8507393714031516,0.7969268701537259,0.8176165781927032,0.693281398766887,0.6188557564959246,0.8058339437742736,0.08695650283554286,0.25432349690413536,0.7829942626962689,0.6337350210884897,0.77268448057594,0.630681813702544,0.805257332372646,0.8257630376729461,0.8804674452529396,0.7751731476089863,0.7895805135406119,0.7516549204534382,0.8100669918431406,0.7957387661052832,0.6651017162355108,0.813845358348678,0.2089551926932548,0.32686083877944305,0.0,0.0,0.0,0.30899470572492377,0.0,0.0,0.0,0.0,0.0,0.03393233715711946,0.40937862962595156
p_53,0.9692142487082904,0.7727540043270513,0.6204480714355155,0.8940809965682239,0.4637964729569817,0.7845396020786208,0.834294538046495,0.9095656033165395,0.8346759638876086,0.8323920560827182,0.7447008932060742,0.7957120955720915,0.8084112138422056,0.8601917774331244,0.8150064674942716,0.8039391202508531,0.7337570595559425,0.6445131325771782,0.8375098220226056,0.5765765246327456,0.44401791142662883,0.7770303204122031,0.6238193145357828,0.8793196333105058,0.5401174115448394,0.8142493636449014,0.8745868427338764,0.8856620029008547,0.849836064644988,0.8124946505669708,0.7592936785332396,0.8212596226497917,0.8184696548325339,0.6962343037972025,0.8232471333659939,0.34234231150069266,0.5083207236090735,0.0,0.002040816305705956,0.0,0.40642938683777974,0.0,0.0,0.0,0.0,0.0,0.0060226175444434375,0.10141363811037087
p_54,0.9713488085257086,0.7653803382955163,0.62566752746735,0.8651223004276496,0.47326732204685823,0.7951022239959834,0.8437249368154074,0.8822103727083068,0.8255186120694535,0.8305751112457026,0.7517343886230565,0.7861029686642822,0.7502679508299358,0.8839452450577562,0.8247938471001632,0.8039056121402072,0.7193292113004006,0.5938775449604332,0.8214901352025569,0.6486485609934377,0.36702767528864216,0.7793786860379341,0.6457309033454443,0.8467377817679297,0.5291576616721635,0.8180321351223436,0.8520452628513903,0.8925907503153961,0.8174710153444715,0.8126169966186663,0.763628033065442,0.8059838465437006,0.775751070880496,0.7262004993580413,0.8187237361294599,0.28169010117040827,0.4475949344425573,0.0,0.007125890651711513,0.0,0.32857142563775515,0.0,0.0,0.0,0.0,0.0,0.019875617982208826,0.212596232313332
p_55,0.9698766616911342,0.7737859969215005,0.668595892508191,0.7718976127163314,0.15646258237308533,0.7952066588224247,0.8444378750202833,0.8197607439877002,0.7699687630857109,0.7371320358606197,0.6692044144095843,0.7038941928585811,0.8132322522170361,0.8264366644617054,0.7868146993830668,0.7693789100400124,0.6735679755915528,0.5919044419913442,0.8281271495609418,0.0,0.0870535704569914,0.7837172178447444,0.6708027056937185,0.8386937156363625,0.27050359323016415,0.8092772535146044,0.8858267225690342,0.8884028381022636,0.8066840722645597,0.7631852734988513,0.7578404113579984,0.8102299966164372,0.7937926151098222,0.6122699348940495,0.8321938162662056,0.0,0.364522415377571,0.0,0.00236966821836886,0.0,0.21011672879226034,0.0,0.0,0.0,0.0,0.0,0.006373116512179086,0.06681750078799314
p_56,0.96503375489674,0.7289189632880821,0.6471791252531474,0.7021887820094468,0.058103974646728215,0.7304895139950573,0.7646885337903798,0.8655276200134882,0.7647939045506817,0.7854185266011053,0.7573638466680148,0.6346346325170682,0.8111269603264951,0.7222289904336847,0.766251038432044,0.7977168931558976,0.5400397070150903,0.5757832296716069,0.781561904166429,0.0,0.11965811795358806,0.7501444017505277,0.6544665432038421,0.6794082361620086,0.31848551983869133,0.748458659572878,0.8065785311653756,0.8491379306366483,0.7939604478968995,0.7639232667358267,0.7097894492950089,0.7973888202387688,0.8009172382720091,0.5842408674936523,0.7319906458987775,0.0,0.18821459816873704,0.0,0.0,0.0,0.34336282881979796,0.0,0.0,0.0,0.0,0.0,0.0023358272408064377,0.034542165189269475
p_57,0.9689683924869554,0.7684577666282741,0.640708164495197,0.7631529436488663,0.35098649687449124,0.7077513295478679,0.8056590246702166,0.8613941740186698,0.8048027435050855,0.7596090119618878,0.5623490047159468,0.7814696460655921,0.8109011857366641,0.8002208544918027,0.808842853204883,0.8007787133878895,0.6759639020674163,0.40808080395877977,0.7664892380108854,0.07692306213018035,0.1661202167637135,0.7858838562248107,0.657526880933826,0.8812777280917136,0.48670426682752405,0.7097963826141087,0.8375739951792723,0.8897992207101607,0.8389543815079914,0.8044579527671593,0.7751124423255015,0.7995793263224314,0.7942266417120605,0.640707958931788,0.7976427362638583,0.17241376337693734,0.4324624767511813,0.0,0.007968127384221415,0.0,0.3956043912570946,0.0,0.0,0.0,0.0,0.0,0.009200903838792844,0.06001701201635572
p_58,0.9680203776779148,0.7567962959610685,0.6511601452700259,0.8923715031008008,0.4361054722504516,0.7204373973274056,0.8213107178329767,0.858040075337434,0.7715986959087758,0.5783651487240674,0.5505735131203102,0.7762297390496737,0.6130402183036717,0.731534109987777,0.8197394245763525,0.8007508693999708,0.6531964204928903,0.2911283351324002,0.7057406658324041,0.032258059313216236,0.43709391354345,0.768986169312703,0.6574577309205739,0.8739098213321809,0.5287739739051378,0.7415623727597789,0.7953815249297843,0.8633262038581698,0.7383090732545586,0.5509753045536896,0.5226531342467323,0.8057056036413693,0.8080391630815791,0.6026845597135264,0.6888376158096606,0.08163263640150277,0.47165160036297615,0.0,0.0020518081506750237,0.0,0.41869522474493454,0.0,0.0,0.0,0.0,0.0,0.002796938324417679,0.03367861105953774
p_59,0.9651654051486951,0.7636002447448502,0.6114648589239983,0.8571107107496585,0.42368420495152365,0.7926900657200004,0.8267557888075071,0.8839867530798062,0.8494498370880909,0.8289245216740634,0.7809076661948157,0.7543720160796025,0.7943925215968124,0.86847932255479,0.8143875830386037,0.7788603460913482,0.705982177742969,0.5805843489106094,0.8457023846595018,0.5581394699837825,0.46481600732849576,0.7715564521504178,0.6197348014911357,0.835956627826182,0.542372875948426,0.8268250350290636,0.8486522118186884,0.8941622610353009,0.8679393294090751,0.821856286546347,0.7580482878318705,0.8174668865713298,0.8095505595237343,0.6519148880688095,0.8086973099287648,0.08510636487098619,0.5034246546608182,0.0,0.005277044785263261,0.0,0.423076917991864,0.0,0.0,0.0,0.0,0.0,0.013089599694035878,0.16153859439294302
p_60,0.9730989534354358,0.7798001892100473,0.665029200853484,0.8323957409305892,0.38622385748802146,0.8146644431197795,0.8493546707005896,0.867959286663308,0.8034630078665809,0.783749403097671,0.7755440398434321,0.5488372067495944,0.7031990500497658,0.871825267333695,0.8091080903527063,0.7719793117724981,0.5653104900843233,0.6946778662837685,0.8251549773506947,0.0,0.20162016020143872,0.7929354989621791,0.6747120475916438,0.795153506111945,0.2006172808546716,0.8123900917418504,0.8584853732289873,0.857032270135453,0.7293179254225198,0.7075972425670624,0.722858269398227,0.7813546220436479,0.7675081417599591,0.4530313094401645,0.8105476059550921,0.0,0.2921348295298425,0.0,0.006097560913642674,0.0,0.4275092857340282,0.0,0.0,0.0,0.0,0.0,0.0033372458939892003,0.04609220167443146
p_61,0.9650163542035647,0.7453691023068262,0.6292611484184842,0.8859450725388718,0.5031446495674335,0.7174616615597043,0.7524600725134815,0.8732832335458496,0.5832848999380624,0.5714285708682925,0.5338370556277315,0.8155182848746853,0.49564856819043274,0.7127320206073368,0.8403646756879115,0.7912829932741466,0.6445916098979847,0.14792899262397444,0.7907296130551678,0.0,0.33760683616407333,0.7629189139232437,0.631044974267978,0.8692420178590377,0.560069139498106,0.6697253431118211,0.7419610260777403,0.8797451825597905,0.5526518057718565,0.5766069123733714,0.5153946622216932,0.8288159764365051,0.8261653339527032,0.3147300977609323,0.7890604315932418,0.0,0.4713072989089735,0.0,0.0,0.0,0.2766379862565322,0.0,0.0,0.0,0.0,0.0,0.0015646067411620454,0.0316816421345331
p_62,0.9642923705633443,0.7417336338918813,0.6036394490734157,0.8925748094251479,0.4911470324007157,0.773021459982678,0.6886874536908506,0.8656240773882419,0.788261957785683,0.8065776316829494,0.7308680001775346,0.7822398167923081,0.8175030373024779,0.7312474928675294,0.802959658622583,0.736192530897277,0.7310898402868482,0.4114149772721168,0.8028130415537373,0.23809518140590918,0.4248567632223148,0.7508367750072423,0.6239538875754138,0.8744985670846708,0.5899843459312649,0.7402593158691468,0.7731204352876185,0.8777223654581641,0.7814734921313731,0.7652677271922164,0.7399598375001007,0.8043542210411354,0.7575129514054069,0.6840521496083034,0.8199797619170456,0.0,0.44922039423000254,0.0,0.0014015416860438566,0.0,0.16435184994963137,0.0,0.0,0.0,0.0,0.0,0.005428273167400308,0.04387934421699388
p_63,0.9660155590960736,0.7352549065184523,0.5730897442481854,0.893358976196452,0.5757392843950556,0.7547805747851215,0.8109790769985435,0.8393031899006308,0.7728631189885489,0.8147336101570559,0.7557200512930011,0.757066774360781,0.7338129476098147,0.8249367300784651,0.8391688007978283,0.8085106359413855,0.7060139840391216,0.5227537861989057,0.8252032512701375,0.55319143051155,0.4667527421989905,0.7633811910245003,0.6047975532609356,0.8711169859345634,0.5886939532898379,0.7679462303326129,0.8015160205329658,0.8659413368543989,0.7204326914417877,0.7731401375722966,0.7105185164132785,0.8250217195264798,0.7967691485232695,0.6982142794802296,0.8233082699029057,0.0,0.4906865340854536,0.0,0.001256281399143961,0.0,0.25693160575848795,0.0,0.0,0.0,0.0,0.0,0.005974105492347919,0.061150426811628626
p_64,0.976114921188665,0.765427844816442,0.6622173452001593,0.8604450031997621,0.47991760576809883,0.8059988256375089,0.8493910624987637,0.8852263103693541,0.84901307248268,0.7889400914387649,0.7116533846821379,0.7909207135840131,0.7438633918253378,0.8826629285681677,0.8045508202162168,0.8013047001867227,0.685844054936245,0.6224489742989033,0.8216436407884842,0.5641024917817318,0.3191780800056296,0.768463141008984,0.6660335119637942,0.8308753960538287,0.507936501734597,0.8157335823023436,0.870552762426327,0.8821492399004975,0.8300653583920714,0.7744138815078329,0.7372997694798633,0.8203665979426003,0.8034055706826482,0.6771523122752292,0.8027782847717252,0.1355931973570852,0.4207033814153724,0.0,0.0019175455233217112,0.0,0.26017698884799123,0.0,0.0,0.0,0.0,0.0,0.0017642777459020164,0.021858713908834593
p_65,0.9719053091931595,0.7516267830543367,0.6468731725556176,0.805802475429022,0.3649946599253505,0.8141783605424142,0.8584783357997552,0.8378628028402632,0.8125329109892931,0.7775885246278902,0.7361013353598373,0.749730697487502,0.7716077009144476,0.8588890674690554,0.7997729293651992,0.8320836154690217,0.6778370118894249,0.6252838711182145,0.8363461068238562,0.19230765532545088,0.23224567915311248,0.7578943023301454,0.645866635198545,0.8112607094178331,0.21176470311418688,0.8049805948671354,0.8635510262485134,0.8494373105699087,0.8167186515075251,0.7786152490984968,0.7645131068246417,0.7868016121230959,0.8101089709944147,0.6145985356598647,0.8332223694796751,0.0,0.2772861336483324,0.0,0.003988035852561956,0.0,0.30395912766335725,0.0,0.0,0.0,0.0,0.0,0.0032722230405406137,0.04317770648658685
p_66,0.9654541224492992,0.7631019575362895,0.5974638918085983,0.8826389405031645,0.2722513053370248,0.7827409348811005,0.8027962039194377,0.8668501146364631,0.813963037900119,0.738349241307927,0.6896376977713765,0.7719427074111541,0.8231559275011094,0.8178545715062674,0.7751953711811678,0.7867669149270168,0.698381233239573,0.5192519194801769,0.8118046381182306,0.0,0.38978723072521504,0.7631788666770064,0.6168707125848805,0.8889899560776995,0.5579053317431487,0.6194958471165682,0.8086711188308511,0.8754352734587114,0.8063933993214831,0.7798674922207016,0.644844515425956,0.7955519273663009,0.8037283600433333,0.6719717005130708,0.7940096610685897,0.3076922485207214,0.427515631452441,0.0,0.007928642141440614,0.0,0.26634958066171727,0.0,0.0,0.0,0.0,0.0,0.005975898462323097,0.058559764422433415
p_67,0.9721184636583741,0.7680122763042347,0.6657823041438953,0.8582471822398029,0.3601036222784505,0.7623270755523414,0.8226726448906126,0.8887873243506057,0.8328874245391157,0.821525884859055,0.7524579402393317,0.7890877066908545,0.7488521562239391,0.7732030291599812,0.8199410239403419,0.8110644583574599,0.666379307472503,0.6619915802104377,0.8279763850213379,0.5576922540680525,0.35517568513603337,0.7736307274316901,0.6736746051855174,0.8845832942965685,0.41575491886482585,0.781025076001889,0.8517201149104107,0.8983086234608955,0.8520224260592487,0.780412635236356,0.7635675204805059,0.8333333325914055,0.8205949637972656,0.6997672560142184,0.8415363190225729,0.2399999520000096,0.33855331589445703,0.0,0.002439024360499703,0.0,0.29776674691673494,0.0,0.0,0.0,0.0,0.0,0.001694320583389213,0.015651918601387732
p_68,0.9720035017056379,0.7697269113990645,0.6377733888047362,0.8385210146518036,0.3807106550671237,0.7657810728128459,0.8406915386709696,0.8970861066806253,0.8360617389662515,0.8426540276372948,0.7587040600611604,0.7222659294954132,0.7341249335722123,0.8853136676336331,0.832846346767913,0.8255319128272042,0.7347436910710183,0.6350482264063647,0.841993636583604,0.2857142346938866,0.3614088793153991,0.7750363954109354,0.6348161913808622,0.8725160981027472,0.5717367791614155,0.7002346915510487,0.8171465026389525,0.8949720033397591,0.8436430029175497,0.82540592089264,0.772592759452327,0.8337444491033602,0.8065843602958749,0.7161084472399646,0.8296552974378486,0.12244895460225415,0.5385450567940008,0.0,0.0020060180340419455,0.0,0.3999999945578232,0.0,0.0,0.0,0.0,0.0,0.008754569303057718,0.13131419985233225
p_69,0.9698812653929969,0.7735437005684432,0.6315628141839004,0.8135766087865046,0.49268840840620465,0.7913508959487096,0.8013488696810585,0.8872477752589127,0.8202802956577627,0.8017268602698464,0.7248187934895806,0.8265971289876234,0.769349445180382,0.8423672657973517,0.8289913150423165,0.7981220633857921,0.7487056919605507,0.5104072351999346,0.8401699918328067,0.3571427933673583,0.27399650720770935,0.7736191634066653,0.6228386689172201,0.8573166007754345,0.48910890604842666,0.815968224494598,0.8226445734481129,0.8852994549998189,0.8489549088353426,0.7710179161537528,0.7331221039894661,0.8105152462560302,0.7851892164846468,0.6569872898639992,0.8427720517700936,0.0,0.4629508166363881,0.0,0.005843681476671428,0.0,0.4147909901159005,0.0,0.0,0.0,0.0,0.0,0.013207759369883557,0.1079442662164671
p_70,0.9756127137375293,0.7593568465898834,0.6546305057700805,0.8775710085693098,0.27948717590401057,0.8170768549543151,0.8399543106423863,0.87453380468847,0.8000759077710637,0.7726763711149313,0.7189668451831788,0.610213877738045,0.5764443007454698,0.8585842758658565,0.8132077259366184,0.7799442877185507,0.6198952857944318,0.5441493141123523,0.7522261247020455,0.21052627885503877,0.5080545197766139,0.7726207799414033,0.6644662659708992,0.7490690820046301,0.1466458635468664,0.7718915140036049,0.797180927152136,0.8749003185432116,0.7360018237700972,0.7327322353108344,0.6750398710625203,0.7619596534467247,0.7979539624937043,0.5668662636935046,0.732442283732327,0.0,0.37509490983223304,0.0,0.0,0.0,0.3278688483244786,0.0,0.0,0.0,0.0,0.0,0.0003061619427241593,0.0036701050513598815
p_71,0.9727484002963211,0.7511140183471205,0.6509304368900605,0.8577044880573316,0.04324324246408572,0.7466469182515573,0.8132796345050695,0.7975739845158405,0.8092021941650462,0.6165514587014675,0.4611421200920092,0.6159090885761019,0.6461614157328704,0.7849529779302382,0.71596975009345,0.8009934777988404,0.45068983022307146,0.5065562421907782,0.6717355366349294,0.0,0.32364340771663364,0.774240773566686,0.6645469260237352,0.7700109486716932,0.3808290106110232,0.6762889490324017,0.7810209304862623,0.8366435423184246,0.7675057199456456,0.6877122137398255,0.6331877716689406,0.7950841563851776,0.8325219064446887,0.5179760285088147,0.6932586115928312,0.0,0.2296964706341553,0.0,0.0037541060358793708,0.0,0.5109320999892739,0.0,0.0,0.0,0.0,0.0,0.0015622527152940062,0.018242580990582943
p_72,0.9667649070743816,0.7416005131042789,0.6216141124560278,0.880289391624415,0.43185549727540645,0.7468417594886824,0.7863980074152502,0.8749287419479371,0.7069271751050809,0.8081123236525093,0.6983729647509951,0.7762209752277403,0.6685934473299773,0.8110604791203911,0.817939226290833,0.8030112898274426,0.6716216201089603,0.17122682990973673,0.7599521606356124,0.4999999218750122,0.45059021770458607,0.7525109698840258,0.6255341895939788,0.8580969047397529,0.5775316410005408,0.7685421992919329,0.808998312765794,0.8776605147823474,0.6694741626798609,0.7043711649689693,0.634935303523717,0.8355645357956012,0.8254585858102874,0.3673792528315182,0.7024337277640155,0.0,0.526632066302562,0.0,0.0019932230376854235,0.0,0.34739940777821976,0.0,0.0,0.0,0.0,0.0,0.00901662457332657,0.09520684280292399
p_73,0.966998482058593,0.7709642037963519,0.6247843356602504,0.7427272114340084,0.3736892242736966,0.8049410027378473,0.8438351381323163,0.8564242077632441,0.823907274369631,0.8281625196156349,0.7400370696477362,0.7778199742581846,0.7389360734489583,0.8905754765559499,0.7971745704089767,0.812658810781569,0.6856158454538507,0.5757307300643868,0.837513630704208,0.37209297998918833,0.15083798742236512,0.7629729458314126,0.6223285643028926,0.730158729593373,0.5582608647107751,0.8174871736662244,0.8664375511624262,0.867206914712476,0.8096885801942026,0.7977117126533699,0.7571938150839624,0.82962575169709,0.8170316281824048,0.6936316635659926,0.8096385535201045,0.43137246443677163,0.2242677805500604,0.0,0.0022346368465403707,0.0,0.3945578186558071,0.0,0.0,0.0,0.0,0.0,0.024563632452691928,0.3086666292459877
p_74,0.9684641389905674,0.7480184345924117,0.5825359379409288,0.9044571339239533,0.48451730198307236,0.8317692037910528,0.8610519706804065,0.8632538120209746,0.8187208801157128,0.8178564693747821,0.7639231129523826,0.7712363314313787,0.8302145908494171,0.8499035982784378,0.7644089672914556,0.7885491191003606,0.6932599701057085,0.6143540611066597,0.8335373308511451,0.09523807256236366,0.3639655936443386,0.7487392453125783,0.5966233816792191,0.8769846640087828,0.5733757356957031,0.8222428494453086,0.8696659922513924,0.8627241096717125,0.7706835489100938,0.8123558310978279,0.7422027272363482,0.7792966458940336,0.7846420300674306,0.6653696433329801,0.7921816606379404,0.4210525207756524,0.42481324967582573,0.0,0.0004219409273798715,0.0,0.30990990711792876,0.0,0.0,0.0,0.0,0.0,0.003531688119284636,0.04306976222037038
p_75,0.9726669830980237,0.7669333861179529,0.6425729680177222,0.806963645214221,0.32694475392395994,0.8087655851436374,0.8400917464977942,0.8677298800633034,0.8494394008950356,0.8226465271942182,0.7606196882543236,0.7885597521669739,0.7318055886884774,0.8944263362297219,0.8204932855723328,0.818051982810477,0.7377657754378475,0.6379647687087596,0.8219989226431017,0.07999998400000319,0.2291666644965278,0.7690809245310335,0.6481632425262402,0.8302709064603823,0.5811051641612731,0.8169723685174177,0.8498571030596465,0.8877378545947671,0.8287652634616482,0.8153364624263141,0.777308705073064,0.8255751731535802,0.7895707116418996,0.6898444584643691,0.8547114609921891,0.0,0.3311897079486358,0.0,0.00895522374693696,0.0,0.5270935895678129,0.0,0.0,0.0,0.0,0.0,0.0031848617443371793,0.028173453482497918
p_76,0.969230161416534,0.76171110737112,0.6376562649015541,0.8207438202698407,0.2636986256215989,0.7908797003031932,0.8370647973205264,0.8412652513495257,0.8008161971420246,0.688810502950411,0.6218022571518731,0.7920682985621914,0.7693841915497776,0.813595706497675,0.8356234088187039,0.7989097492461849,0.6875508515559363,0.5757271757700384,0.826247529995493,0.28124995605469433,0.3525640997390697,0.7766415481910818,0.6445376228318757,0.8789504080869088,0.4600219007664633,0.7882137316260499,0.8522504194486359,0.8825049207169631,0.7809576213800804,0.7680412363520607,0.6780264479195665,0.8040737140600643,0.7478890211148637,0.6875543891422594,0.8314356640429452,0.1666666203703832,0.44048943025311776,0.0,0.005997001409340309,0.0,0.15611192700866086,0.0,0.0,0.0,0.0,0.0,0.021140996788277532,0.12845367679759587
p_77,0.9728489143258399,0.7645059974443116,0.6621606758595797,0.7803342208886327,0.3779069712513522,0.7919583177748648,0.7619416122861769,0.8509220812730897,0.7979381433016262,0.7402229687310008,0.7053364254264155,0.7114337535778867,0.7507660859275636,0.786659265305662,0.8028508130570636,0.7860441231758745,0.6525622912432426,0.6797752761251736,0.8283323465232589,0.0,0.09511568001136658,0.7689983410251905,0.6555221964515727,0.7517964264277168,0.38684210017313025,0.7179060256316186,0.7547034676175484,0.8813523614295896,0.6863512383655268,0.7578889593360569,0.7060361719197294,0.7974990660717628,0.8165928668921164,0.5620914991859731,0.7999999992907801,0.0,0.13627992508029535,0.0,0.006718924896764559,0.0,0.0,0.0,0.0,0.0,0.0,0.0,0.007940585023146709,0.052406941248094786
p_78,0.9724546026595555,0.7749934417084958,0.6626394307383029,0.8312736691093913,0.25872092647207956,0.765074645993004,0.7649144591083806,0.8387788494787095,0.8019309941758753,0.7739762446605423,0.7304306430396607,0.7625254551424624,0.6594225375367198,0.8304185299995963,0.7807770953161789,0.7852450712853838,0.6956882226546922,0.6099999949166667,0.7805306617637229,0.3188405335013719,0.30404217659013905,0.7767400563000549,0.6678404403112361,0.819646968114788,0.19439867884021947,0.7637077100531053,0.7937812558878306,0.868717887634372,0.717968547669543,0.7583941598919761,0.7043369459876211,0.7886422707572063,0.7946537040227128,0.6048780445653098,0.7939609229183295,0.09999997500000624,0.3875476468389603,0.0,0.005689900345805116,0.0,0.37781628461323596,0.0,0.0,0.0,0.0,0.0,0.003323205303308572,0.043933316350102114
p_79,0.9723314416900973,0.7600719609570199,0.6419509406331839,0.864889496074327,0.3463203413229388,0.7644084351076226,0.8085612663555405,0.8793723434241189,0.8372206015096931,0.821395859295296,0.773648646781736,0.7524143952922985,0.722584145704169,0.8429729998927055,0.8245708724769828,0.796161823661406,0.6957337051301747,0.6549800744623102,0.8440264448793869,0.4761904195011405,0.27198817241693884,0.7723689393492459,0.6497986609939385,0.8539471546690727,0.5510428040500241,0.819033802170598,0.8358707395616916,0.891927305365506,0.8353820187570716,0.775436253670796,0.6811446073552769,0.8064377673750668,0.7892400083853747,0.7294685931604783,0.8417733251328388,0.04761903628118183,0.3989802396495842,0.0,0.006622516483195183,0.0,0.3646723612091894,0.0,0.0,0.0,0.0,0.0,0.00034715950550295676,0.008581569164209135
p_80,0.968236264891445,0.7480889650308395,0.6270314135557237,0.899596486796939,0.5682242937549131,0.8124536691530895,0.8276234706341342,0.8671752164053018,0.8210927260789279,0.8299606255563038,0.7817174493581234,0.8180039106927439,0.8164948436773303,0.8186629264481228,0.7855724676973611,0.7430203022112299,0.6699426671992519,0.5686653716763503,0.8313842219526002,0.6111110545267542,0.44722718874640915,0.7367617107808998,0.6186577425333737,0.8789527973254534,0.368159199401005,0.7981919853973308,0.837775707517893,0.8732085132199741,0.7938454668370549,0.8221944238543653,0.7680525143105784,0.8172131139167899,0.7691450827926898,0.6595744617062431,0.8432611614593793,0.1851851508916387,0.4799186554147501,0.0,0.0027855153074024357,0.0,0.31411042559373714,0.0,0.0,0.0,0.0,0.0,0.00015796240839433033,0.00242874598987051
p_81,0.9626803018339792,0.7445365916192433,0.590620410630202,0.8767674706690867,0.540740735733882,0.7953230616907243,0.775846348800557,0.8727605113511514,0.8234185722430437,0.789998991037404,0.676338167392851,0.817031067845135,0.7881377210652483,0.8453785115582582,0.8300153131412564,0.8048712958625206,0.724727835440405,0.5864374347045135,0.8445655031679418,0.0,0.37245901395108844,0.7526327390368095,0.5990174363131843,0.8714963581793488,0.5645645589132677,0.8136315226625128,0.8456565051348875,0.8785624206314234,0.7004853238959032,0.7810409995337395,0.7279532146714545,0.8190688590102511,0.7901598996552032,0.682748533020844,0.8363791623942108,0.0,0.3689154552992508,0.0,0.0,0.0,0.3622250923386146,0.0,0.0,0.0,0.0,0.0,0.009193497710561277,0.10886179247930708
p_82,0.9701564809308498,0.7269272149906322,0.610774638793041,0.8898408102479805,0.61927710470315,0.7969751430035013,0.8241819368425318,0.8792590137395198,0.7557390978309984,0.7523229086299101,0.6748691081809709,0.8006312446064406,0.786924523725955,0.8054104187965048,0.7921825429323825,0.7245308286711433,0.7372518460986693,0.636893197700066,0.8231972892214895,0.36666660555556574,0.4767381051921688,0.7537901645554651,0.6241637202787407,0.8656237114879198,0.5991661667708984,0.7203014053846394,0.805289948083243,0.891182217335624,0.6730605278420071,0.7725034461566836,0.6982401638244302,0.7999228982267512,0.7692722351232554,0.6666666598500341,0.817503216801799,0.05128203813281073,0.4720216585197578,0.0,0.0,0.0,0.35254236989370874,0.0,0.0,0.0,0.0,0.0,0.0016709346115406675,0.019322023652747614
p_83,0.9675224798180644,0.7452169266742795,0.6312087671552175,0.8721387578592628,0.2679830709734405,0.7711630645212599,0.7787546654383998,0.8733344765406676,0.8326540109087528,0.7052128841528169,0.5967562750571956,0.8175490385624361,0.7642428771284804,0.6805236305599983,0.7747709794937654,0.7862928324414553,0.7319513912367712,0.3840398954608492,0.7486592121182991,0.14814812071331096,0.25945945712198687,0.7645663494702988,0.6394636979324406,0.8548125238288317,0.24702380584786005,0.739416955004072,0.7964706366874789,0.8822738380915197,0.7748946542749006,0.6743215024276393,0.5986224157824621,0.7752397896022547,0.7891550387229401,0.5512104231730873,0.7305910684356207,0.0,0.29924242235326753,0.0,0.002315708211826676,0.0,0.37720206863003036,0.0,0.0,0.0,0.0,0.0,0.0032524342809747597,0.041774431025772774
p_84,0.9678891806889681,0.7634954776050088,0.6393910508474285,0.7990204449006091,0.39407744425879904,0.7845132548402599,0.838035361317494,0.8091625467137377,0.737641605641553,0.7699131057477253,0.703382082487701,0.7715736010481311,0.5988405779743751,0.8202056624718924,0.8105135606202689,0.8059626053411758,0.7128790834467149,0.6046128451020358,0.8052178107696129,0.25352109105336745,0.1405109476230753,0.7657646626536239,0.6480090484525224,0.8287236449621834,0.5864297206265774,0.7134004098321354,0.8290132621468019,0.8250555963014637,0.7551916450039259,0.7256102814408606,0.7198424403745878,0.8012859494297628,0.7812281093130327,0.6916426463138138,0.8314625699793547,0.2857142346938866,0.3377245488759009,0.0,0.0,0.0,0.11298315051552874,0.0,0.0,0.0,0.0,0.0,0.013107170738026417,0.12332632415231369
p_85,0.9691123053408688,0.7474958334479345,0.6567640320407092,0.8557306823944942,0.33499999581250006,0.736208514899716,0.7851539522805937,0.8560063638731638,0.801919719893194,0.7060233735830354,0.6205997380879126,0.7325881320361475,0.5590251318633532,0.6395906795769079,0.7796872308131232,0.7956326965407818,0.5950314259352546,0.39959015984026475,0.7492600416496744,0.0,0.40473225152719644,0.753615664554518,0.6611157487580197,0.84676398850444,0.5262333553153222,0.7631884399471305,0.7937713586773323,0.8901437964195472,0.7877169551322616,0.5915440136949995,0.5574885011847861,0.8137686186511008,0.7728411921329661,0.5754385914435212,0.7452264913755481,0.0,0.4458385594067814,0.0,0.004515805307285988,0.0,0.34306569092652783,0.0,0.0,0.0,0.0,0.0,0.002980385496164636,0.042584013022396276
p_86,0.9769546350047009,0.7577157557569122,0.6608889615795368,0.8585365850225763,0.3299663262630042,0.7718640608660554,0.8391017875435627,0.8912512074974412,0.8636754752751378,0.8373499845474193,0.764690380066692,0.7493091166628143,0.6162954592154061,0.8791020447836435,0.7739030458192153,0.7904421840416309,0.7243202389564946,0.5993322153645058,0.8385274448370893,0.5569619900656968,0.2780269033360816,0.7606321867661596,0.6687237278764456,0.8641150578182509,0.48250459960861325,0.8298290980352402,0.8714262896695607,0.9068422554212183,0.8334303331004187,0.7954957526524519,0.7629844430187597,0.8068643975727959,0.7777196632381808,0.6791604146989474,0.8578212027597286,0.48484841138660434,0.4276276250592935,0.0,0.0011554014953471896,0.0,0.5198776678917788,0.0,0.0,0.0,0.0,0.0,0.003587663253199525,0.018458469523015875
p_87,0.9740679965246851,0.7711422444236019,0.6585691458065412,0.7593784534429631,0.467836252750134,0.8152186385816541,0.8654651728614734,0.867647058364554,0.7794117637004493,0.8179128999031119,0.7496382036911766,0.6428235263867128,0.769422930878284,0.8898606493518627,0.8276300255717255,0.8360389587769508,0.6189573430381168,0.6045156547376864,0.8619239365888824,0.4406778914105269,0.23255813683071935,0.7686752433407729,0.6584535811792255,0.8174778756038116,0.4743991590971875,0.8304255567516132,0.877078011469883,0.8960082820108085,0.8377232418890874,0.8161546078492281,0.7611012416494201,0.8189327138571391,0.8076343525674676,0.6745976159930188,0.7940437405360226,0.20833328993056457,0.44972825781434606,0.0,0.0,0.0,0.29220778904537026,0.0,0.0,0.0,0.0,0.0,0.011014629420525631,0.09499095427049106
p_88,0.9704834652225083,0.7582420163375357,0.6288556550522342,0.7922408306167898,0.4722222171771131,0.7946245323752074,0.8416396422718329,0.8235103096695836,0.7845148047884697,0.8086262237150167,0.788553257350549,0.7774578330832668,0.8029286133761875,0.7842856474568017,0.816107109426811,0.8166272012190813,0.7029077087951634,0.5759865610748399,0.8248737262359247,0.19354835587929742,0.2661654115325909,0.7721335012990455,0.6411240703778962,0.774636147480518,0.46242774031875444,0.8237078828914387,0.8570831072705296,0.8668869478009872,0.754590598504919,0.800814331595428,0.7560121392575014,0.8272833715580764,0.7861842086790785,0.7043314456727467,0.8255319142048128,0.08510636487098619,0.33872100956626133,0.0,0.0,0.0,0.2288828317086028,0.0,0.0,0.0,0.0,0.0,0.00528021684702336,0.04895272472916783
p_89,0.9681961084762528,0.7570686369090367,0.6443852154598301,0.7904360051811893,0.31508677816973596,0.760043818113254,0.7741738277424204,0.8569307451177587,0.7847820724146983,0.7602900615255949,0.6488262895567458,0.5510445386241839,0.6962897118500562,0.6980575213524984,0.7871595323082106,0.7950530011924234,0.46417247791955457,0.6468010460403063,0.7248677242491315,0.0,0.19656019414545217,0.7601613507873307,0.6362063426341836,0.786156647974404,0.19774011020141088,0.7871638506480145,0.8056818812404322,0.8485886312497439,0.827804106335171,0.7041548828538668,0.6073781277835351,0.7919487641427734,0.7806267786049552,0.6834825005412327,0.6957443045243296,0.0,0.29463570620788065,0.0,0.004532577878002392,0.0,0.30229745704598,0.0,0.0,0.0,0.0,0.0,0.0026757753054763504,0.029414812543987288
p_90,0.9687163672260256,0.7385557449370523,0.6325230377407444,0.5550304873818366,0.19512194857558335,0.7588085722941317,0.8369474495182506,0.8635031051609923,0.598273380434139,0.7401989460306232,0.7030991230113577,0.523666414261208,0.710927213257613,0.7551090208415121,0.7876912186862753,0.789772725233025,0.47580914088819104,0.5496688696219465,0.7655304230921229,0.0,0.16194331765258682,0.7701156426063606,0.6610741076001049,0.5815983876917408,0.324705878532872,0.8120077409397345,0.8581119339959394,0.8500026027750286,0.6592869086635514,0.7508150901249976,0.7422183236689647,0.7856833340968166,0.8011458562875488,0.6050420125697338,0.7267480205089479,0.0,0.22701688342385665,0.0,0.0,0.0,0.35098038871587856,0.0,0.0,0.0,0.0,0.0,0.0022652916635236948,0.023100072970323963
p_91,0.9638153556109477,0.7501518100086473,0.6511324512528328,0.8028229867958985,0.3575297902759503,0.8224122016752289,0.7896459973069495,0.8280303026818054,0.7139747488964141,0.7176565120040496,0.7040552188023206,0.7794524737636035,0.8162181288664694,0.8090070876486223,0.7944787609284841,0.7925482962452891,0.6932952899668499,0.6462821358840714,0.8126407748190289,0.03030302571166277,0.20506164694963241,0.7702814102761057,0.6560730719335003,0.8368478531307872,0.2894424639449293,0.7599779034295497,0.8048209796709861,0.8794862768827031,0.7529011597109833,0.7478796061338441,0.740715616854815,0.7957484756981207,0.8054317827170979,0.5533063390465159,0.784589891753252,0.17391300567108572,0.3404864075322536,0.0,0.0,0.0,0.023272727103471075,0.0,0.0,0.0,0.0,0.0,0.0027776961056866106,0.04339359501901978
p_92,0.9726795649774546,0.7668358736690413,0.6395037075318528,0.8922010396234632,0.5236818541225929,0.8026014374252609,0.839996864165883,0.8754646835362647,0.828134126851111,0.8314585311425562,0.7699093340605014,0.8235988176295019,0.7403917660788699,0.8957011500533197,0.8235648931099177,0.7586206873604939,0.698529409196583,0.5358255396072115,0.8091806771557862,0.5432098094802704,0.4469078153622648,0.7708841880148025,0.6506891623369343,0.8577704099221839,0.6303915021208262,0.8291460146900398,0.8750630134150537,0.8973603773840731,0.8258036945147883,0.8191449103110623,0.7371221263914822,0.8074087071564179,0.7881748051717871,0.664359855844638,0.8166710623259729,0.11320752580990079,0.46339202750976816,0.0,0.0008302200048558737,0.0,0.5327102741505809,0.0,0.0,0.0,0.0,0.0,0.001337028066623841,0.01953791218518055
p_93,0.9683356607349245,0.7574576463476008,0.6046653687157197,0.8734200949355211,0.4362244842318306,0.8161781673158959,0.8330369199954958,0.8817248881093994,0.8286261970241199,0.8262696375353766,0.7377086651321549,0.7657098496287438,0.8120109942651491,0.8652146463129182,0.8152409891280493,0.82834101143911,0.6961894929756626,0.5647516984931675,0.8150487181387146,0.16666664351852173,0.48658109401061206,0.7806893787841895,0.6325069089632638,0.8216257580377053,0.5518044173247448,0.8304943553182734,0.8367600550034037,0.8821263895404793,0.799946184851411,0.7830019779675851,0.7260130154818119,0.8220284915776861,0.829886956631136,0.7229791033335231,0.8055132902483547,0.19047614512472733,0.4804664695016532,0.0,0.005676442708832141,0.0,0.3917525722712297,0.0,0.0,0.0,0.0,0.0,0.006037136102603812,0.07572290275085168
p_94,0.967712557105465,0.7563624451811657,0.6336629407929358,0.8975208143559006,0.33379309884423314,0.7151269135495434,0.7080439873953002,0.8712646285244492,0.8271923850072164,0.7997297550432104,0.7445776964925295,0.7961876803658808,0.7362557502149292,0.6885786914197358,0.803524041180847,0.7926431302502428,0.7298001705916586,0.6411483202460262,0.8475527173074553,0.434782545683689,0.4076294255715018,0.7746891002056366,0.6434061772496278,0.8778805117788476,0.597836768949491,0.776863624837481,0.7369085432697662,0.8845028323986658,0.7822755704478668,0.7538294290405876,0.7299346386145499,0.8086376745858915,0.7899901845191605,0.6901062903507253,0.834403080048975,0.1428571224489825,0.40937957787308465,0.0,0.0028673834919900826,0.0,0.32456139876372225,0.0,0.0,0.0,0.0,0.0,0.0035993654011108106,0.04819711486565256
p_95,0.9691752111574754,0.7398473438385551,0.6228251061370431,0.5774841364705409,0.4536082422267097,0.8275285950303533,0.8549876825332232,0.8318409914238705,0.7669632914808631,0.7271121570727974,0.6161844470701076,0.7501963835420409,0.7949648976156745,0.8137153850041717,0.7617100695389654,0.7765981459756085,0.49704641140486744,0.6571935998473037,0.8014911456396754,0.27586202140309973,0.11235954941410062,0.7474164466844765,0.6359902315331436,0.5923180588002712,0.5157480264198029,0.781773549928882,0.834982304528821,0.862542399794033,0.7287773615472807,0.7600824249238717,0.7196118469877123,0.7951633272016213,0.7925407906933781,0.6840336076971966,0.822178080298663,0.2033897960356278,0.11317567471980004,0.0,0.0,0.0,0.2184873918979357,0.0,0.0,0.0,0.0,0.0,0.003198985075996021,0.03545969145210945
p_96,0.9687526279482616,0.7514768893612243,0.6577329455422853,0.8053584661625762,0.43478260449485406,0.756492572890155,0.7658662688422655,0.8345715696708412,0.8033694334496156,0.6851398595409617,0.5900233815471095,0.7655571607613706,0.7942223135980274,0.7205985568487887,0.7559972577484602,0.8057491271651805,0.7341115402762146,0.5820280248802306,0.808088817757265,0.06896550535077493,0.21581395148080046,0.7489140529160365,0.6557863819769083,0.8005696236761999,0.23495701669116023,0.6753136612518237,0.7929783293633341,0.8518993177567543,0.7784332223001024,0.6438903180016946,0.564305499477037,0.8076923069988905,0.7868710844593585,0.6612425986594482,0.7811054291201157,0.0,0.2655870423839106,0.0,0.0021715526365738043,0.0,0.18430883954783514,0.0,0.0,0.0,0.0,0.0,0.025193019371183095,0.1587320434713149
p_97,0.9710408072163178,0.7723299640268345,0.6630180014650942,0.8553950874549742,0.35098649687449124,0.7293856970021059,0.7958456972780387,0.8401355802385961,0.8427496482046299,0.6902271221466147,0.39577371693644353,0.8053806502421847,0.8283712770081064,0.684808329304206,0.7866616135025942,0.8076611793696757,0.7208121799265436,0.5373134283804857,0.8236120864967502,0.2222221869488592,0.1990369165406347,0.7795614982692333,0.6609529510364017,0.8285264173360843,0.660098517522178,0.8013509860034177,0.8358397725332097,0.8851913472934737,0.827631064358487,0.7777777771200932,0.7774115561911414,0.7765759668948995,0.8107588837397722,0.6438923328789614,0.8265900559998484,0.22641505161980158,0.3275017471833328,0.0,0.014164305748380939,0.0,0.35005117348975257,0.0,0.0,0.0,0.0,0.0,0.0019417597306303767,0.024179515632488633
p_98,0.9740903946038985,0.7559274226132632,0.6602791865376739,0.7930265785692904,0.34883720479538494,0.7874503120989635,0.8639212519152587,0.8632668139955274,0.8202087887353927,0.8231994201744486,0.7452880970778457,0.8013646671669269,0.7036470829795871,0.8897877352778102,0.7998675341650651,0.7964975821361787,0.6746387609634342,0.6349466723958436,0.8517219666831023,0.5624999121093887,0.3195876261203812,0.749110945692754,0.6550260316890957,0.7757335334274444,0.47466006829839225,0.8331253806014782,0.8866796718133079,0.8749327750971421,0.8074980047759931,0.8079061141728526,0.7833122609777187,0.8084518997574306,0.8206425478860547,0.6470028482682888,0.8244994103248171,0.037735841936633596,0.3779904276077318,0.0,0.009560229354108706,0.0,0.2212692948433165,0.0,0.0,0.0,0.0,0.0,0.0013489356322031998,0.016677389130444167
p_99,0.9765331745143216,0.772744059657648,0.656351881011265,0.5620844559190616,0.4189723264957533,0.7904309032819179,0.8515326589216983,0.8598200895521833,0.7652980423421581,0.8346174793099717,0.766895402855281,0.588531184162318,0.7415891177723953,0.8768960413002688,0.8224350701580079,0.8150851561676761,0.6383792024526789,0.6602076078878366,0.8392669727623582,0.4285713775510265,0.10496453751823351,0.7797654022271346,0.6703114182450194,0.6648376765753656,0.4417040309226006,0.8412375434754428,0.8832664191549083,0.8773974986910789,0.7919187545463281,0.8091789274916681,0.7584913507845565,0.8130774690715374,0.788457061232355,0.6901595698792582,0.8133854414481474,0.19999996666667222,0.16342412292388986,0.0,0.0,0.0,0.3461918857943434,0.0,0.0,0.0,0.0,0.0,0.004101661044685204,0.05256885764741948
p_100,0.9771725814480378,0.7741580114700968,0.6734605697081634,0.7607153678322429,0.5069222523224467,0.805300108505455,0.8485288938534568,0.8925742287042946,0.7535559666766296,0.8151194664951826,0.7767950031821149,0.7550235110943843,0.7907324345024105,0.8372594301698885,0.7928477967805846,0.796785897364474,0.6928605620849997,0.5112781899970119,0.8034951448509756,0.22222217283951712,0.46188678896689217,0.7688086713138494,0.6610167425374526,0.8131188114237631,0.6357487861280311,0.8349722248093806,0.8811501119580919,0.8807848939400316,0.8024923912440337,0.7956857948761846,0.7277419336058273,0.8155467711730932,0.8205513763895955,0.6950092357208019,0.8114439316326383,0.0,0.49654305156164014,0.0,0.0016313213570039041,0.0,0.19753086148791685,0.0,0.0,0.0,0.0,0.0,0.0031989461375512194,0.026554289489250912
p_101,0.9716680860456223,0.7557152647719689,0.6171052610478525,0.8850840657457708,0.47722771804725034,0.7860800555548191,0.8352013331747861,0.875768457681071,0.850234008255026,0.808895508822201,0.7460698088300831,0.816724297966915,0.71472527315445,0.8841896578747415,0.7816469549040221,0.7678752939075727,0.7161314111623055,0.4132762268385843,0.8293906802604026,0.0,0.48446147090480424,0.7726965139236447,0.6483750466226421,0.8815939709746534,0.5347368364764543,0.8228005639785378,0.8726225767745964,0.8740820989081004,0.8030409347332855,0.8090457563045063,0.7421513104936919,0.8260493700643076,0.812042308619359,0.6794019877126081,0.8294143541792917,0.4489795002082652,0.6020334037689419,0.0,0.0015810276554859475,0.0,0.27634660205818423,0.0,0.0,0.0,0.0,0.0,0.006564677807277568,0.07561495848463522
p_102,0.9635208546262816,0.7390582558901674,0.5895825113973046,0.8869606496236521,0.5575221208101653,0.8099533434723728,0.8497029779304424,0.8560996044199093,0.784015758007576,0.8170943879761914,0.6809234491350585,0.843916911442383,0.7348326340616301,0.8216794379275735,0.8139412437465081,0.7830284532951512,0.724561400330871,0.5301204761213529,0.8347314703496226,0.49180319806504946,0.3354037246248216,0.7339869810526072,0.6023905448509271,0.863756528188872,0.40478380492379207,0.7975130780319594,0.8612748608298941,0.8657197786604728,0.7657829997734587,0.7479656908423513,0.7505803436920806,0.8198117872017714,0.808400186860783,0.6547231217042091,0.819335346724786,0.5411764069204227,0.39981051444902643,0.0,0.0,0.0,0.23715414785420802,0.0,0.0,0.0,0.0,0.0,0.02080873588807001,0.1241898782820454
p_103,0.9711537997078421,0.7702519573463985,0.6272600223692854,0.785051177823702,0.2533692688225166,0.7754871237246455,0.8227103959817514,0.8928863445664288,0.80551834877375,0.6400349261732865,0.3292763878528958,0.7270896237306665,0.7129828307055182,0.8770768846057784,0.7812556862772924,0.7904667309074808,0.6767523919477944,0.6607999947136001,0.8181345346583438,0.0,0.12694610626411848,0.7742340996998578,0.6281790498203971,0.8388312907405565,0.4374999949363427,0.6819342398306668,0.8169996577419122,0.8938037958765298,0.8225183698810333,0.7960591125874975,0.7262569815496812,0.8169302317982045,0.8002958560150496,0.7275693252237413,0.8018338315851106,0.15094336774653438,0.2911484982359291,0.0,0.006319115224026616,0.0,0.28910890802862466,0.0,0.0,0.0,0.0,0.0,0.009990576065561361,0.07475140435490348
p_104,0.9772590643197413,0.7703772395237493,0.6721649546103793,0.7715070540819658,0.2935251756327313,0.8091429834216611,0.8561063396987916,0.8826145615498403,0.8166216936679744,0.8272497597114298,0.7469443170055584,0.6312949611902204,0.7698075461889339,0.8763623368096547,0.8192887506578191,0.8401781275601728,0.6131805132493634,0.5850980346266821,0.8243375851330738,0.03921567858516106,0.14675052257074925,0.7825711340415503,0.6718954488088178,0.7468005825799444,0.3604335994521193,0.8426261227802,0.8678686646601492,0.8782626848620471,0.8079285953310206,0.828179900888809,0.7614860392141437,0.8110538634088489,0.7949811774279016,0.6828254800358347,0.8228020721676498,0.0,0.21530697884518943,0.0,0.008797653829946425,0.0,0.21897809899302045,0.0,0.0,0.0,0.0,0.0,0.004115749581382134,0.038212270240629356
p_105,0.9717594899348267,0.7702920481316297,0.6415240384873739,0.7185693151011366,0.51199999488,0.8006626170928699,0.823455754321668,0.8681279915000615,0.80116877584365,0.8295454537852406,0.7691218112154821,0.6559297186143009,0.7915778230501657,0.7977713710605793,0.7915881353123816,0.838239122588593,0.7041547252716521,0.6078098420389657,0.822407406645919,0.47058816608997556,0.2805526006317471,0.7710153883868743,0.6507446087139034,0.7508235783620778,0.6666666608796297,0.8257971964897052,0.8482489776950068,0.8917005736069893,0.8112654507311515,0.7953501445623417,0.731178128159735,0.8189128952437623,0.8254203738243808,0.6524938622036479,0.8306362625683742,0.2499999479166775,0.3131955460000354,0.0,0.0,0.0,0.2689956308384661,0.0,0.0,0.0,0.0,0.0,0.009419967874746726,0.12149127162663373
p_106,0.9689759806000693,0.7360270187384873,0.6257737842962127,0.8723477197545436,0.3157894691921839,0.7701044145516338,0.8386170449720612,0.8417916372818594,0.817660848114534,0.7674370177311711,0.7066485733876565,0.806085609061151,0.7520292192531876,0.7771201330532507,0.7866202937943737,0.7874423940453847,0.6881048995063849,0.6224851997339029,0.8291461473757231,0.2448979092045083,0.2968641094295184,0.7522951746801078,0.6433519942867468,0.8669534546886202,0.4103299797657105,0.7236571972490672,0.8173346527639939,0.8502228821940452,0.7894598836006033,0.7079166659292535,0.6236897258289053,0.8054910234366516,0.7928331444769509,0.6689714721782932,0.8226626900345004,0.0,0.38374485399308206,0.0,0.007185628656459537,0.0,0.26821541427438844,0.0,0.0,0.0,0.0,0.0,0.01098538811542692,0.09029537869007474
p_107,0.9736084296175316,0.760364769572559,0.6632842638467907,0.8861666305300643,0.2806539471300552,0.8073958149865542,0.8510981390749768,0.8895407750335801,0.838964772538983,0.8107414528359074,0.740834384978927,0.7279179782022162,0.7534695918408539,0.8484869419565277,0.8036214692782696,0.7672770207700028,0.6241331455194954,0.5476410680144213,0.837556471383268,0.4901960303729382,0.397494302975545,0.7651211900865196,0.6625680449993503,0.8576652868551318,0.5321463844495907,0.8154923280752294,0.8742084277438429,0.857263201781044,0.8405368786596025,0.7827151847596964,0.7066074933269045,0.8154626921331792,0.8206444230948262,0.6904549447773868,0.8281797249793058,0.19444441743827534,0.3404507690364723,0.0,0.004987531109881159,0.0,0.6098807391843145,0.0,0.0,0.0,0.0,0.0,0.00459660738493624,0.033030945462238934
p_108,0.9705283345351668,0.7632720038407828,0.6453234903809646,0.8214532071617308,0.4144353851637324,0.7701034189610322,0.8418684714446574,0.875453064623915,0.8222925892054559,0.8276112617369562,0.7229951916949274,0.7057800925433285,0.7950900795979211,0.8847881587297953,0.8144002976922213,0.7717671283571171,0.709066303419938,0.659056311574914,0.836496213109754,0.5341614575054995,0.19585687197874885,0.7716543709800218,0.6408701430124093,0.833735551356703,0.46736841613296404,0.8440413916181368,0.8868959478202687,0.8782575295560117,0.8227299345955127,0.8115021932485276,0.7571801548607165,0.8019729623657537,0.8171568607422626,0.6875477411188102,0.8235741437038269,0.12244895460225415,0.3345454521123967,0.0,0.0028901733686391134,0.0,0.5582733732622537,0.0,0.0,0.0,0.0,0.0,0.011028418931584657,0.09088907215426531
p_109,0.9713845616246121,0.7491661729042952,0.632459510571101,0.7588643684857027,0.37229436826521245,0.8073643189678193,0.8583997554777051,0.8709894543016662,0.8085648727905113,0.8288040984272997,0.7411930466388139,0.8012990823699465,0.817058263184764,0.8296414395281995,0.8356071593269404,0.825875484372871,0.7341463384790798,0.5894736794374601,0.8096448918810655,0.530612190753858,0.32270531089173615,0.7725705308156717,0.6453951898739926,0.8128375437253477,0.4588477319048587,0.8098241532306861,0.8743548302438381,0.8719980782468791,0.8261933894416238,0.8147214966123266,0.7540208118400643,0.8275862061435846,0.8165443610928522,0.6767458554589931,0.8157894729335762,0.21212117998163937,0.49288486097745887,0.0,0.00486618000919562,0.0,0.21582733618860309,0.0,0.0,0.0,0.0,0.0,0.007730534529426659,0.07307826822854824
p_110,0.9772370586715657,0.7599274589673078,0.6835885355780955,0.8424502604244795,0.34190619755058704,0.8224541538939636,0.8680010168499165,0.880210211303926,0.8425305924237698,0.8301183479357764,0.759648263899247,0.541841001350204,0.632660288230038,0.8749907096107412,0.8346456684032287,0.7949134177626801,0.5813117673795517,0.6204024939597329,0.8234311169481702,0.3880596435731875,0.327731089682932,0.7662034482626517,0.682174966234184,0.8360015835062502,0.4087968899250079,0.7884710753556197,0.8555055366966448,0.8765385236260161,0.8438253993816348,0.8002979230981306,0.7545195034383456,0.8084808472762468,0.7851239649144526,0.664315933255882,0.8122433736354578,0.3188405335013719,0.40336134171315585,0.0,0.004363636331900827,0.0,0.33510637852252156,0.0,0.0,0.0,0.0,0.0,0.0028737401603624512,0.032707112663589534
p_111,0.9702923032167728,0.7411060848089734,0.6457591775555958,0.8505235840744493,0.21793103147681336,0.782805180274785,0.785374948157342,0.8649583074715486,0.8153176219066117,0.7837078644347305,0.7048147196752843,0.6899999975357143,0.7977573071730931,0.7562583634001994,0.7709320687938556,0.775069249930556,0.649582834774783,0.515151510815223,0.7779668600286906,0.27450975009612744,0.3160762914071182,0.738576671726102,0.6347747994577405,0.8587149445958844,0.2474576229244471,0.7642447062274694,0.7702697086280272,0.8691305319764489,0.780566427837248,0.7288303717839026,0.6874405311906743,0.768124391867712,0.8271503137478694,0.6973947849205425,0.8101083025179528,0.04878047590720099,0.3315507999227888,0.0,0.006015037503533271,0.0,0.0,0.0,0.0,0.0,0.0,0.0,0.004918578472971954,0.04733356073592083
p_112,0.9755196751159864,0.7737618399716949,0.6516112341064869,0.854760446198351,0.3080939907559531,0.7909325550468711,0.8483389839375819,0.9046646928117461,0.8396815666384795,0.839974468095218,0.7660297223651173,0.7821851051420142,0.8245494715665599,0.8924049501058262,0.8101496150321982,0.8017012206228037,0.7356470945973171,0.6165048493810288,0.8300999405138995,0.1694914966963565,0.39375541722675267,0.783150096902902,0.6649211384557598,0.8465153594414745,0.48616124565389596,0.8366028087323425,0.8668183551646672,0.8968216685471417,0.8043425215853348,0.7483443701529382,0.7227745648028334,0.8347723696676096,0.8159255408068109,0.6795069285091916,0.8337520568017396,0.07843135717032212,0.5039682506351306,0.0,0.0025412960287001774,0.0,0.3807999939072001,0.0,0.0,0.0,0.0,0.0,0.000495804292134541,0.0042098263824422175
p_113,0.9737940658564995,0.7577700190612329,0.6661410101001877,0.8654036305559453,0.40576724607860715,0.7924055675066449,0.8673622257311824,0.8739017820964391,0.7901689034320389,0.810199202541674,0.7573626356981041,0.7980517017682588,0.7887887868148429,0.8649827975388129,0.797865387935237,0.786426068444853,0.6964213884341721,0.5976806369520015,0.8152301701951432,0.06896550535077493,0.4730831935311322,0.7613491540909919,0.6723412207961437,0.8498658371949973,0.4806034430969457,0.8159223852715302,0.8682381972291553,0.8659312681024972,0.7997794919517316,0.7775292491590423,0.7773464243495173,0.7521179439408979,0.8454706905722641,0.6627516722923518,0.7892443200841499,0.13333330370371027,0.3712948488978561,0.0,0.0069686410340459816,0.0,0.3538083494618139,0.0,0.0,0.0,0.0,0.0,0.0018791778518507305,0.017864776058825305
p_114,0.9742277130156681,0.7661376485458442,0.663288368791892,0.8759413936478361,0.22119815328420656,0.7595468305597356,0.8240331822963354,0.8911386767029322,0.8385726414203775,0.8279605805679301,0.7528278157670134,0.7801706591622484,0.7468456355789379,0.887301918111047,0.7834884654153293,0.7913346593841268,0.727565131143245,0.611664291524436,0.8113374660661316,0.6326529966680615,0.4432029767647239,0.772276618951718,0.6681320647697795,0.8820273181588687,0.4714548759534542,0.822216372513236,0.8583052081127688,0.8985829717188295,0.8507462677987634,0.8021839556470526,0.7930529382861417,0.8410704525386214,0.8085489295645694,0.7088452044911229,0.822117132755441,0.14705880190311735,0.4803767635773063,0.0,0.005483207638908789,0.0,0.5689149476698688,0.0,0.0,0.0,0.0,0.0,0.00034848700439535016,0.007124321570286829
